system:time_start,tmin
1-Jan-08,-9.696
2-Jan-08,-11.99
3-Jan-08,-20.554
4-Jan-08,-20.847
5-Jan-08,-15.352
6-Jan-08,-6.388
7-Jan-08,-2.294
8-Jan-08,0.899
9-Jan-08,3.864
10-Jan-08,0.416
11-Jan-08,-2.062
12-Jan-08,-1.882
13-Jan-08,-4.441
14-Jan-08,-5.993
15-Jan-08,-9.473
16-Jan-08,-10.569
17-Jan-08,-14.359
18-Jan-08,-7.141
19-Jan-08,-6.78
20-Jan-08,-10.665
21-Jan-08,-15.883
22-Jan-08,-14.195
23-Jan-08,-8.36
24-Jan-08,-10.74
25-Jan-08,-15.121
26-Jan-08,-12.618
27-Jan-08,-9.354
28-Jan-08,-9.374
29-Jan-08,-6.976
30-Jan-08,-4.223
31-Jan-08,-7.724
1-Feb-08,-6.651
2-Feb-08,-3.728
3-Feb-08,-2.967
4-Feb-08,-4
5-Feb-08,-2.034
6-Feb-08,-0.825
7-Feb-08,-5.998
8-Feb-08,-8.256
9-Feb-08,-12.178
10-Feb-08,-8.522
11-Feb-08,-12.852
12-Feb-08,-15.804
13-Feb-08,-10.586
14-Feb-08,-5.997
15-Feb-08,-6.979
16-Feb-08,-13.543
17-Feb-08,-14.472
18-Feb-08,-4.683
19-Feb-08,-2.509
20-Feb-08,-8.411
21-Feb-08,-13.377
22-Feb-08,-13.595
23-Feb-08,-9.692
24-Feb-08,-11.796
25-Feb-08,-10.109
26-Feb-08,-7.034
27-Feb-08,-4.442
28-Feb-08,-11.273
29-Feb-08,-19.168
1-Mar-08,-11.965
2-Mar-08,-6.936
3-Mar-08,-11.553
4-Mar-08,-3.152
5-Mar-08,-3.07
6-Mar-08,-5.338
7-Mar-08,-4.03
8-Mar-08,-0.18
9-Mar-08,-4.5
10-Mar-08,-9.951
11-Mar-08,-11.196
12-Mar-08,-6.49
13-Mar-08,-7.408
14-Mar-08,-3.34
15-Mar-08,-1.325
16-Mar-08,-1.918
17-Mar-08,-3.228
18-Mar-08,-6.95
19-Mar-08,-3.618
20-Mar-08,-0.082
21-Mar-08,-4.384
22-Mar-08,-6.248
23-Mar-08,-6.882
24-Mar-08,-9.803
25-Mar-08,-8.289
26-Mar-08,-4.154
27-Mar-08,-2.945
28-Mar-08,-1.806
29-Mar-08,-5.829
30-Mar-08,-6.965
31-Mar-08,-5.493
1-Apr-08,0.096
2-Apr-08,-0.467
3-Apr-08,-2.543
4-Apr-08,-0.252
5-Apr-08,0.961
6-Apr-08,0.549
7-Apr-08,-1.594
8-Apr-08,-3.135
9-Apr-08,-2.5
10-Apr-08,2.256
11-Apr-08,1.689
12-Apr-08,3.067
13-Apr-08,0
14-Apr-08,-1.511
15-Apr-08,-1.555
16-Apr-08,-1.77
17-Apr-08,0.057
18-Apr-08,0.79
19-Apr-08,3.5
20-Apr-08,1.537
21-Apr-08,4.638
22-Apr-08,3.509
23-Apr-08,5.031
24-Apr-08,8.489
25-Apr-08,3.055
26-Apr-08,1.045
27-Apr-08,4
28-Apr-08,3.5
29-Apr-08,4.545
30-Apr-08,0
1-May-08,-1.508
2-May-08,-0.091
3-May-08,3.493
4-May-08,5.215
5-May-08,5.255
6-May-08,3
7-May-08,7.186
8-May-08,9.23
9-May-08,6
10-May-08,6.805
11-May-08,4.646
12-May-08,3.156
13-May-08,6
14-May-08,3.99
15-May-08,5.67
16-May-08,7.521
17-May-08,8
18-May-08,6.779
19-May-08,6.606
20-May-08,5
21-May-08,7.988
22-May-08,7.5
23-May-08,6.606
24-May-08,6.115
25-May-08,6.73
26-May-08,9.146
27-May-08,11.493
28-May-08,5
29-May-08,5.068
30-May-08,7.38
31-May-08,9.215
1-Jun-08,11.305
2-Jun-08,10.988
3-Jun-08,10.5
4-Jun-08,12.493
5-Jun-08,11.829
6-Jun-08,10.99
7-Jun-08,10.701
8-Jun-08,11.969
9-Jun-08,18
10-Jun-08,15.311
11-Jun-08,13.673
12-Jun-08,13.155
13-Jun-08,9.537
14-Jun-08,12.77
15-Jun-08,12.072
16-Jun-08,12.99
17-Jun-08,13.535
18-Jun-08,12.622
19-Jun-08,12.035
20-Jun-08,12.648
21-Jun-08,13.365
22-Jun-08,12.263
23-Jun-08,15.701
24-Jun-08,15.027
25-Jun-08,12.744
26-Jun-08,14.21
27-Jun-08,15.337
28-Jun-08,14
29-Jun-08,13.5
30-Jun-08,15.578
1-Jul-08,15.226
2-Jul-08,14.824
3-Jul-08,15.5
4-Jul-08,14.006
5-Jul-08,12.006
6-Jul-08,13.156
7-Jul-08,16
8-Jul-08,17
9-Jul-08,20.5
10-Jul-08,17.708
11-Jul-08,13.012
12-Jul-08,13.696
13-Jul-08,16.253
14-Jul-08,17.487
15-Jul-08,15.275
16-Jul-08,14.544
17-Jul-08,16.04
18-Jul-08,15.992
19-Jul-08,17
20-Jul-08,17.5
21-Jul-08,18.082
22-Jul-08,16.409
23-Jul-08,16.365
24-Jul-08,16.543
25-Jul-08,17.075
26-Jul-08,15.633
27-Jul-08,17.017
28-Jul-08,15.5
29-Jul-08,16.1
30-Jul-08,15.118
31-Jul-08,17
1-Aug-08,17.988
2-Aug-08,17.993
3-Aug-08,17.07
4-Aug-08,16.476
5-Aug-08,15.893
6-Aug-08,15.236
7-Aug-08,14.522
8-Aug-08,15.041
9-Aug-08,13.573
10-Aug-08,13.055
11-Aug-08,15.128
12-Aug-08,14
13-Aug-08,12.62
14-Aug-08,14
15-Aug-08,14.484
16-Aug-08,14.549
17-Aug-08,12.655
18-Aug-08,15.471
19-Aug-08,13.613
20-Aug-08,8.587
21-Aug-08,10.477
22-Aug-08,13.461
23-Aug-08,13.578
24-Aug-08,14.037
25-Aug-08,13
26-Aug-08,9.5
27-Aug-08,10.484
28-Aug-08,12.646
29-Aug-08,13.81
30-Aug-08,15.995
31-Aug-08,15
1-Sep-08,13.22
2-Sep-08,13.44
3-Sep-08,11.977
4-Sep-08,12.987
5-Sep-08,15.822
6-Sep-08,16.5
7-Sep-08,15.012
8-Sep-08,10.572
9-Sep-08,12.205
10-Sep-08,8.776
11-Sep-08,5.336
12-Sep-08,7.54
13-Sep-08,12.695
14-Sep-08,14.49
15-Sep-08,14.527
16-Sep-08,10
17-Sep-08,7
18-Sep-08,7.51
19-Sep-08,2.537
20-Sep-08,2.305
21-Sep-08,5.047
22-Sep-08,6.841
23-Sep-08,4
24-Sep-08,4.279
25-Sep-08,7.079
26-Sep-08,7.997
27-Sep-08,12.765
28-Sep-08,15.852
29-Sep-08,15
30-Sep-08,11.751
1-Oct-08,12.007
2-Oct-08,9.006
3-Oct-08,4.557
4-Oct-08,3.618
5-Oct-08,2.106
6-Oct-08,2.765
7-Oct-08,2.011
8-Oct-08,3.723
9-Oct-08,7.961
10-Oct-08,8.058
11-Oct-08,5.632
12-Oct-08,3.555
13-Oct-08,7.21
14-Oct-08,9.5
15-Oct-08,6.12
16-Oct-08,6.5
17-Oct-08,3.736
18-Oct-08,-0.433
19-Oct-08,-1.433
20-Oct-08,-2.627
21-Oct-08,1.62
22-Oct-08,2
23-Oct-08,-3.438
24-Oct-08,-2.978
25-Oct-08,0.197
26-Oct-08,6.262
27-Oct-08,3.146
28-Oct-08,5.239
29-Oct-08,2
30-Oct-08,-1.463
31-Oct-08,-3.978
1-Nov-08,-2.196
2-Nov-08,-3.463
3-Nov-08,-2.945
4-Nov-08,0.991
5-Nov-08,5.711
6-Nov-08,8.466
7-Nov-08,11.417
8-Nov-08,11.27
9-Nov-08,7
10-Nov-08,2.157
11-Nov-08,-0.951
12-Nov-08,-2.77
13-Nov-08,-2.762
14-Nov-08,3.544
15-Nov-08,9.25
16-Nov-08,6.34
17-Nov-08,0.045
18-Nov-08,-4.311
19-Nov-08,-7
20-Nov-08,-9.734
21-Nov-08,-9.421
22-Nov-08,-7.993
23-Nov-08,-8.973
24-Nov-08,-10.354
25-Nov-08,-2.212
26-Nov-08,-0.478
27-Nov-08,-3.721
28-Nov-08,-2.539
29-Nov-08,-3.338
30-Nov-08,-6.295
1-Dec-08,-1.979
2-Dec-08,-0.929
3-Dec-08,-3.675
4-Dec-08,-2.046
5-Dec-08,-3.921
6-Dec-08,-8.385
7-Dec-08,-6.688
8-Dec-08,-14.708
9-Dec-08,-15.467
10-Dec-08,-3.404
11-Dec-08,-2.529
12-Dec-08,-3.325
13-Dec-08,-9.589
14-Dec-08,-12.489
15-Dec-08,-3.939
16-Dec-08,-1.545
17-Dec-08,-8.5
18-Dec-08,-10.454
19-Dec-08,-12.443
20-Dec-08,-15.368
21-Dec-08,-17.083
22-Dec-08,-14.428
23-Dec-08,-17.239
24-Dec-08,-10.397
25-Dec-08,-4.551
26-Dec-08,-11.16
27-Dec-08,-5.638
28-Dec-08,0.587
29-Dec-08,-1.945
30-Dec-08,-6.693
1-Jan-09,-16.832
2-Jan-09,-14.846
3-Jan-09,-10.924
4-Jan-09,-9.788
5-Jan-09,-9.304
6-Jan-09,-8.154
7-Jan-09,-8.144
8-Jan-09,-8.222
9-Jan-09,-11.694
10-Jan-09,-14.59
11-Jan-09,-14.264
12-Jan-09,-16.029
13-Jan-09,-13.788
14-Jan-09,-14.621
15-Jan-09,-20.168
16-Jan-09,-24.973
17-Jan-09,-23.035
18-Jan-09,-15.779
19-Jan-09,-11.15
20-Jan-09,-11.477
21-Jan-09,-15.849
22-Jan-09,-14.604
23-Jan-09,-9.224
24-Jan-09,-13.408
25-Jan-09,-21.559
26-Jan-09,-21.408
27-Jan-09,-18.85
28-Jan-09,-14.092
29-Jan-09,-10.287
30-Jan-09,-13.068
31-Jan-09,-13.194
1-Feb-09,-15.676
2-Feb-09,-11.418
3-Feb-09,-7.068
4-Feb-09,-12.5
5-Feb-09,-19.624
6-Feb-09,-20.071
7-Feb-09,-17.359
8-Feb-09,-8.849
9-Feb-09,-12.314
10-Feb-09,-10.965
11-Feb-09,-6.196
12-Feb-09,-0.775
13-Feb-09,-6.323
14-Feb-09,-7.922
15-Feb-09,-6.838
16-Feb-09,-6.643
17-Feb-09,-8.442
18-Feb-09,-11.47
19-Feb-09,-5.872
20-Feb-09,-7.5
21-Feb-09,-10.051
22-Feb-09,-8.894
23-Feb-09,-6.727
24-Feb-09,-10.454
25-Feb-09,-13.288
26-Feb-09,-10.048
27-Feb-09,-5.359
28-Feb-09,-5.241
1-Mar-09,-10.859
2-Mar-09,-8.963
3-Mar-09,-11.781
4-Mar-09,-17.462
5-Mar-09,-15.098
6-Mar-09,-6.224
7-Mar-09,0.146
8-Mar-09,0.737
9-Mar-09,-3
10-Mar-09,-6.225
11-Mar-09,-2.585
12-Mar-09,-6.5
13-Mar-09,-12.077
14-Mar-09,-8.652
15-Mar-09,-5.651
16-Mar-09,-4.68
17-Mar-09,-5.895
18-Mar-09,-3.806
19-Mar-09,0.236
20-Mar-09,-4.859
21-Mar-09,-6.948
22-Mar-09,-4.861
23-Mar-09,-7.629
24-Mar-09,-6.8
25-Mar-09,-3.68
26-Mar-09,-4.756
27-Mar-09,-0.565
28-Mar-09,1.155
29-Mar-09,1.04
30-Mar-09,1.77
31-Mar-09,-1
1-Apr-09,-2.354
2-Apr-09,1.157
3-Apr-09,3.163
4-Apr-09,4.532
5-Apr-09,3.805
6-Apr-09,-0.445
7-Apr-09,1.547
8-Apr-09,0
9-Apr-09,-0.27
10-Apr-09,-1.314
11-Apr-09,0.146
12-Apr-09,0.025
13-Apr-09,-0.338
14-Apr-09,-1.508
15-Apr-09,-1.814
16-Apr-09,-0.838
17-Apr-09,0
18-Apr-09,5.402
19-Apr-09,1
20-Apr-09,-1.977
21-Apr-09,2.62
22-Apr-09,6.136
23-Apr-09,5.139
24-Apr-09,3.219
25-Apr-09,4.773
26-Apr-09,8.594
27-Apr-09,7.797
28-Apr-09,6.498
29-Apr-09,3.5
30-Apr-09,1.01
1-May-09,6.861
2-May-09,8
3-May-09,3.492
4-May-09,6.249
5-May-09,7.5
6-May-09,7.425
7-May-09,7.463
8-May-09,8.5
9-May-09,10.148
10-May-09,8.5
11-May-09,5
12-May-09,3.12
13-May-09,3.5
14-May-09,7.186
15-May-09,9.922
16-May-09,8.054
17-May-09,8.133
18-May-09,4.523
19-May-09,2.067
20-May-09,6.298
21-May-09,9.118
22-May-09,14.692
23-May-09,10.016
24-May-09,8.624
25-May-09,7.5
26-May-09,2
27-May-09,5.399
28-May-09,5.524
29-May-09,7.379
30-May-09,9.084
31-May-09,6.5
1-Jun-09,3.511
2-Jun-09,9.063
3-Jun-09,10.225
4-Jun-09,9.5
5-Jun-09,8.662
6-Jun-09,9.244
7-Jun-09,11.288
8-Jun-09,10.551
9-Jun-09,10
10-Jun-09,10.098
11-Jun-09,10.391
12-Jun-09,10.849
13-Jun-09,10.995
14-Jun-09,12.051
15-Jun-09,11.528
16-Jun-09,10
17-Jun-09,8
18-Jun-09,10.365
19-Jun-09,12.49
20-Jun-09,13.959
21-Jun-09,13.954
22-Jun-09,14.87
23-Jun-09,15.854
24-Jun-09,16.419
25-Jun-09,15.947
26-Jun-09,14.865
27-Jun-09,14.365
28-Jun-09,15.384
29-Jun-09,14.025
30-Jun-09,13.928
1-Jul-09,14
2-Jul-09,13.337
3-Jul-09,13.723
4-Jul-09,13.5
5-Jul-09,11.272
6-Jul-09,11.106
7-Jul-09,12.078
8-Jul-09,11.994
9-Jul-09,10.175
10-Jul-09,10.76
11-Jul-09,11.68
12-Jul-09,14.399
13-Jul-09,12.993
14-Jul-09,11
15-Jul-09,11.221
16-Jul-09,11.5
17-Jul-09,14.548
18-Jul-09,16.5
19-Jul-09,14.5
20-Jul-09,13
21-Jul-09,15.306
22-Jul-09,15.497
23-Jul-09,15.031
24-Jul-09,14.622
25-Jul-09,13.5
26-Jul-09,15
27-Jul-09,17
28-Jul-09,16.413
29-Jul-09,17.507
30-Jul-09,19
31-Jul-09,16
1-Aug-09,15.027
2-Aug-09,15.5
3-Aug-09,16.01
4-Aug-09,14.618
5-Aug-09,16.363
6-Aug-09,13.144
7-Aug-09,13.477
8-Aug-09,10.992
9-Aug-09,11.006
10-Aug-09,15.302
11-Aug-09,17.5
12-Aug-09,17.332
13-Aug-09,15
14-Aug-09,13
15-Aug-09,16.696
16-Aug-09,18.128
17-Aug-09,18.91
18-Aug-09,19.84
19-Aug-09,20.5
20-Aug-09,15.739
21-Aug-09,18.307
22-Aug-09,19.977
23-Aug-09,20.579
24-Aug-09,18.5
25-Aug-09,16.356
26-Aug-09,15.32
27-Aug-09,9.771
28-Aug-09,8.356
29-Aug-09,10.304
30-Aug-09,11.365
31-Aug-09,11.273
1-Sep-09,8.5
2-Sep-09,9.044
3-Sep-09,11.045
4-Sep-09,11.867
5-Sep-09,12.62
6-Sep-09,7.544
7-Sep-09,6.238
8-Sep-09,9.186
9-Sep-09,10.662
10-Sep-09,7.079
11-Sep-09,5.773
12-Sep-09,11.046
13-Sep-09,13.012
14-Sep-09,9.758
15-Sep-09,11.819
16-Sep-09,9.446
17-Sep-09,7
18-Sep-09,7.356
19-Sep-09,7.057
20-Sep-09,3.778
21-Sep-09,6.27
22-Sep-09,6.426
23-Sep-09,12.763
24-Sep-09,12.818
25-Sep-09,6.632
26-Sep-09,0.555
27-Sep-09,6.261
28-Sep-09,12.672
29-Sep-09,12.835
30-Sep-09,8
1-Oct-09,4.94
2-Oct-09,3.119
3-Oct-09,7.552
4-Oct-09,10.477
5-Oct-09,8.5
6-Oct-09,6.842
7-Oct-09,7.646
8-Oct-09,7
9-Oct-09,5.493
10-Oct-09,5.268
11-Oct-09,0.518
12-Oct-09,0.091
13-Oct-09,1.5
14-Oct-09,-0.661
15-Oct-09,-1.839
16-Oct-09,-1.222
17-Oct-09,-1.868
18-Oct-09,-0.354
19-Oct-09,0.292
20-Oct-09,-1.221
21-Oct-09,2.73
22-Oct-09,4.146
23-Oct-09,0.648
24-Oct-09,2.965
25-Oct-09,4.671
26-Oct-09,1.162
27-Oct-09,-0.016
28-Oct-09,3.475
29-Oct-09,2.969
30-Oct-09,4.3
31-Oct-09,7.53
1-Nov-09,5.801
2-Nov-09,0.579
3-Nov-09,-0.382
4-Nov-09,-0.223
5-Nov-09,-0.339
6-Nov-09,-0.02
7-Nov-09,-3.01
8-Nov-09,-0.223
9-Nov-09,0.049
10-Nov-09,4.295
11-Nov-09,1.57
12-Nov-09,-1.694
13-Nov-09,-2.528
14-Nov-09,2.121
15-Nov-09,7.176
16-Nov-09,3.544
17-Nov-09,-1.972
18-Nov-09,-2.993
19-Nov-09,-3.606
20-Nov-09,2.542
21-Nov-09,3.473
22-Nov-09,-1.093
23-Nov-09,-1.556
24-Nov-09,3.566
25-Nov-09,5.25
26-Nov-09,5.49
27-Nov-09,3.5
28-Nov-09,1.534
29-Nov-09,-0.279
30-Nov-09,-0.443
1-Dec-09,-3.156
2-Dec-09,-2.806
3-Dec-09,2.643
4-Dec-09,3.186
5-Dec-09,-0.5
6-Dec-09,-3.5
7-Dec-09,-5.368
8-Dec-09,-5.747
9-Dec-09,-6.105
10-Dec-09,-2.859
11-Dec-09,-5.783
12-Dec-09,-9.123
13-Dec-09,-10.643
14-Dec-09,-5.155
15-Dec-09,-1.005
16-Dec-09,-8.002
17-Dec-09,-15.689
18-Dec-09,-16.977
19-Dec-09,-14.213
20-Dec-09,-10.22
21-Dec-09,-8.428
22-Dec-09,-8.507
23-Dec-09,-13.256
24-Dec-09,-8.354
25-Dec-09,-6.412
26-Dec-09,-5.33
27-Dec-09,-1.332
28-Dec-09,-2.854
29-Dec-09,-10.49
30-Dec-09,-15.707
31-Dec-09,-11.529
1-Jan-10,-6.624
2-Jan-10,-5.536
3-Jan-10,-6.017
4-Jan-10,-2.848
5-Jan-10,-3.943
6-Jan-10,-5.562
7-Jan-10,-7
8-Jan-10,-11.123
9-Jan-10,-12.324
10-Jan-10,-17.135
11-Jan-10,-14.053
12-Jan-10,-11.249
13-Jan-10,-15.701
14-Jan-10,-15.802
15-Jan-10,-9.08
16-Jan-10,-4.535
17-Jan-10,-4.442
18-Jan-10,-5.824
19-Jan-10,-4.47
20-Jan-10,-4.338
21-Jan-10,-7.955
22-Jan-10,-10.428
23-Jan-10,-13.254
24-Jan-10,-10.974
25-Jan-10,-3.114
26-Jan-10,0
27-Jan-10,-3.314
28-Jan-10,-6.295
29-Jan-10,-13.96
30-Jan-10,-17.46
1-Feb-10,-11.929
2-Feb-10,-12
3-Feb-10,-9.976
4-Feb-10,-9.507
5-Feb-10,-11.455
6-Feb-10,-13.737
7-Feb-10,-12.816
8-Feb-10,-9.354
9-Feb-10,-7.955
10-Feb-10,-5.443
11-Feb-10,-3.382
12-Feb-10,-5.395
13-Feb-10,-7.444
14-Feb-10,-5.395
15-Feb-10,-3.955
16-Feb-10,-6.675
17-Feb-10,-5.023
18-Feb-10,-2.988
19-Feb-10,-1.919
20-Feb-10,-2.421
21-Feb-10,-3
22-Feb-10,-2.481
23-Feb-10,-0.28
24-Feb-10,0.498
25-Feb-10,2.023
26-Feb-10,1.132
27-Feb-10,-0.036
28-Feb-10,-1.949
1-Mar-10,0.425
2-Mar-10,-1
3-Mar-10,-1.5
4-Mar-10,-0.091
5-Mar-10,-1.984
6-Mar-10,-3.121
7-Mar-10,-2.455
8-Mar-10,0.185
9-Mar-10,-3
10-Mar-10,-5.961
11-Mar-10,-3.955
12-Mar-10,-2.184
13-Mar-10,-3.477
14-Mar-10,0.106
15-Mar-10,1.779
16-Mar-10,-0.941
17-Mar-10,-0.444
18-Mar-10,3.162
19-Mar-10,2
20-Mar-10,1.606
21-Mar-10,1.498
22-Mar-10,-0.977
23-Mar-10,2.053
24-Mar-10,0.964
25-Mar-10,-1.252
26-Mar-10,-3.977
27-Mar-10,-7.846
28-Mar-10,-5.297
29-Mar-10,1.49
30-Mar-10,4.048
31-Mar-10,5.154
1-Apr-10,5
2-Apr-10,2.54
3-Apr-10,3.023
4-Apr-10,5.506
5-Apr-10,5.022
6-Apr-10,7.118
7-Apr-10,4.496
8-Apr-10,6.162
9-Apr-10,5.398
10-Apr-10,2.041
11-Apr-10,2.5
12-Apr-10,1.805
13-Apr-10,0
14-Apr-10,-0.729
15-Apr-10,1.973
16-Apr-10,1.325
17-Apr-10,0.411
18-Apr-10,0.488
19-Apr-10,0.251
20-Apr-10,3.58
21-Apr-10,4.836
22-Apr-10,5.894
23-Apr-10,6.671
24-Apr-10,4.742
25-Apr-10,4.512
26-Apr-10,4.34
27-Apr-10,4.779
28-Apr-10,1.905
29-Apr-10,2
30-Apr-10,3
1-May-10,7.153
2-May-10,9.598
3-May-10,12.013
4-May-10,11.533
5-May-10,9.5
6-May-10,10
7-May-10,9.098
8-May-10,7
9-May-10,3.875
10-May-10,1.045
11-May-10,-1.5
12-May-10,0.557
13-May-10,1.407
14-May-10,6.389
15-May-10,8.51
16-May-10,7.578
17-May-10,6.565
18-May-10,5.006
19-May-10,7.5
20-May-10,7.909
21-May-10,8.671
22-May-10,6.5
23-May-10,10.221
24-May-10,11.007
25-May-10,14.5
26-May-10,14.5
27-May-10,8.61
28-May-10,7.5
29-May-10,8
30-May-10,11.993
31-May-10,9.006
1-Jun-10,11.465
2-Jun-10,12
3-Jun-10,12.504
4-Jun-10,12
5-Jun-10,14.002
6-Jun-10,13.993
7-Jun-10,9.5
8-Jun-10,8.188
9-Jun-10,7.5
10-Jun-10,10
11-Jun-10,8.428
12-Jun-10,11.239
13-Jun-10,12.505
14-Jun-10,12.523
15-Jun-10,10.012
16-Jun-10,8.567
17-Jun-10,11.399
18-Jun-10,12.537
19-Jun-10,14
20-Jun-10,16.167
21-Jun-10,16.5
22-Jun-10,13.537
23-Jun-10,15.237
24-Jun-10,16.451
25-Jun-10,14
26-Jun-10,14
27-Jun-10,15.701
28-Jun-10,15.865
29-Jun-10,16.498
30-Jun-10,11.527
1-Jul-10,10
2-Jul-10,10.5
3-Jul-10,12
4-Jul-10,16.506
5-Jul-10,19.765
6-Jul-10,20.393
7-Jul-10,19.884
8-Jul-10,19.995
9-Jul-10,19.469
10-Jul-10,19.954
11-Jul-10,19.411
12-Jul-10,16.764
13-Jul-10,18.3
14-Jul-10,18.479
15-Jul-10,17.986
16-Jul-10,18.707
17-Jul-10,18.674
18-Jul-10,19.412
19-Jul-10,16.5
20-Jul-10,17.5
21-Jul-10,16
22-Jul-10,16.761
23-Jul-10,15.557
24-Jul-10,17.221
25-Jul-10,17.425
26-Jul-10,14
27-Jul-10,15.046
28-Jul-10,16.006
29-Jul-10,17.078
30-Jul-10,11.012
31-Jul-10,10.026
1-Aug-10,11.5
2-Aug-10,12.464
3-Aug-10,15.058
4-Aug-10,18.249
5-Aug-10,19.922
6-Aug-10,16
7-Aug-10,9.118
8-Aug-10,11.263
9-Aug-10,15.805
10-Aug-10,17.835
11-Aug-10,15.399
12-Aug-10,13.381
13-Aug-10,12.488
14-Aug-10,11.016
15-Aug-10,12.558
16-Aug-10,15.993
17-Aug-10,17
18-Aug-10,15
19-Aug-10,14.5
20-Aug-10,14.023
21-Aug-10,10.697
22-Aug-10,14.118
23-Aug-10,14.639
24-Aug-10,14.758
25-Aug-10,15.493
26-Aug-10,15.5
27-Aug-10,12.456
28-Aug-10,11
29-Aug-10,13.606
30-Aug-10,17.079
31-Aug-10,18.046
1-Sep-10,19.056
2-Sep-10,19.146
3-Sep-10,19.185
4-Sep-10,18.365
5-Sep-10,12.567
6-Sep-10,9.992
7-Sep-10,12.611
8-Sep-10,15.155
9-Sep-10,12.5
10-Sep-10,11
11-Sep-10,9.51
12-Sep-10,9
13-Sep-10,9.616
14-Sep-10,11.533
15-Sep-10,9.5
16-Sep-10,7.5
17-Sep-10,9.535
18-Sep-10,6.484
19-Sep-10,7.805
20-Sep-10,8.049
21-Sep-10,6.461
22-Sep-10,10.386
23-Sep-10,11.32
24-Sep-10,11.5
25-Sep-10,13.343
26-Sep-10,10.993
27-Sep-10,10.065
28-Sep-10,12.401
29-Sep-10,15.055
30-Sep-10,14.5
1-Oct-10,14.5
2-Oct-10,7.5
3-Oct-10,3.5
4-Oct-10,5.646
5-Oct-10,9.385
6-Oct-10,10.704
7-Oct-10,9
8-Oct-10,6.5
9-Oct-10,4.925
10-Oct-10,1.997
11-Oct-10,3.662
12-Oct-10,2.512
13-Oct-10,2.047
14-Oct-10,1.787
15-Oct-10,4.61
16-Oct-10,6
17-Oct-10,4
18-Oct-10,1.518
19-Oct-10,-0.882
20-Oct-10,0.835
21-Oct-10,2.416
22-Oct-10,0.542
23-Oct-10,-0.38
24-Oct-10,-1
25-Oct-10,2.311
26-Oct-10,7.77
27-Oct-10,10.897
28-Oct-10,8.244
29-Oct-10,3.5
30-Oct-10,0.526
31-Oct-10,0.148
1-Nov-10,-0.5
2-Nov-10,-0.575
3-Nov-10,-3.955
4-Nov-10,-2.65
5-Nov-10,2.411
6-Nov-10,2.5
7-Nov-10,-0.478
8-Nov-10,0.739
9-Nov-10,5
10-Nov-10,3.5
11-Nov-10,1.163
12-Nov-10,0.655
13-Nov-10,-0.235
14-Nov-10,1.162
15-Nov-10,3.076
16-Nov-10,6.498
17-Nov-10,7.548
18-Nov-10,3.055
19-Nov-10,-2.5
20-Nov-10,-4
21-Nov-10,-4.5
22-Nov-10,-4
23-Nov-10,2.158
24-Nov-10,0.301
25-Nov-10,-4.814
26-Nov-10,-3.5
27-Nov-10,-3.939
28-Nov-10,-6.724
29-Nov-10,-5.935
30-Nov-10,-4.882
1-Dec-10,0.073
2-Dec-10,1
3-Dec-10,-2.967
4-Dec-10,-1.825
5-Dec-10,-2.78
6-Dec-10,-3.997
7-Dec-10,-4.512
8-Dec-10,-7.007
9-Dec-10,-11.5
10-Dec-10,-13.974
11-Dec-10,-9.665
12-Dec-10,-6.497
13-Dec-10,0.984
14-Dec-10,-2.536
15-Dec-10,-8.487
16-Dec-10,-11.303
17-Dec-10,-10.829
18-Dec-10,-11.505
19-Dec-10,-8.49
20-Dec-10,-6.066
21-Dec-10,-3.91
22-Dec-10,-0.465
23-Dec-10,-0.823
24-Dec-10,-5.007
25-Dec-10,-9
26-Dec-10,-9.29
27-Dec-10,-8.373
28-Dec-10,-10.006
29-Dec-10,-9.354
30-Dec-10,-9.421
31-Dec-10,-6.035
1-Jan-11,-1.882
2-Jan-11,1.5
3-Jan-11,-4.007
4-Jan-11,-7.5
5-Jan-11,-7.882
6-Jan-11,-10.456
7-Jan-11,-11.871
8-Jan-11,-9.148
9-Jan-11,-5.176
10-Jan-11,-7
11-Jan-11,-10.434
12-Jan-11,-8.424
13-Jan-11,-5.698
14-Jan-11,-11.882
15-Jan-11,-16.671
16-Jan-11,-14.016
17-Jan-11,-16.899
18-Jan-11,-17.26
19-Jan-11,-8.54
20-Jan-11,-7.513
21-Jan-11,-9.927
22-Jan-11,-15.234
23-Jan-11,-18.854
24-Jan-11,-23.925
25-Jan-11,-20.531
26-Jan-11,-17.829
27-Jan-11,-11.896
28-Jan-11,-12.527
29-Jan-11,-8.883
30-Jan-11,-9.817
31-Jan-11,-14.467
1-Feb-11,-14.228
2-Feb-11,-12.08
3-Feb-11,-13.141
4-Feb-11,-16.571
5-Feb-11,-14.674
6-Feb-11,-8.498
7-Feb-11,-6.951
8-Feb-11,-7.471
9-Feb-11,-15.33
10-Feb-11,-13.665
11-Feb-11,-16.133
12-Feb-11,-14.4
13-Feb-11,-11.761
14-Feb-11,-7.322
15-Feb-11,-10.489
16-Feb-11,-13.46
17-Feb-11,-9.531
18-Feb-11,-2.708
19-Feb-11,-4.309
20-Feb-11,-9.041
21-Feb-11,-10.497
22-Feb-11,-15.5
23-Feb-11,-13.245
24-Feb-11,-12.866
25-Feb-11,-7.186
26-Feb-11,-8.95
27-Feb-11,-10.33
28-Feb-11,-8.851
1-Mar-11,-6.5
2-Mar-11,-9.11
3-Mar-11,-15.973
4-Mar-11,-17.491
5-Mar-11,-8.668
6-Mar-11,1.512
7-Mar-11,-1.967
8-Mar-11,-8.664
9-Mar-11,-8.039
10-Mar-11,-4.267
11-Mar-11,0.668
12-Mar-11,2.021
13-Mar-11,1.239
14-Mar-11,-2.495
15-Mar-11,-6.164
16-Mar-11,-3.339
17-Mar-11,-1.651
18-Mar-11,1.091
19-Mar-11,-0.598
20-Mar-11,-5.5
21-Mar-11,-4.382
22-Mar-11,-1.645
23-Mar-11,-4.15
24-Mar-11,-3.681
25-Mar-11,-4.922
26-Mar-11,-6.895
27-Mar-11,-6.462
28-Mar-11,-5.207
29-Mar-11,-5
30-Mar-11,-4.456
31-Mar-11,-2.988
1-Apr-11,-1.168
2-Apr-11,0.081
3-Apr-11,-0.894
4-Apr-11,-1.732
5-Apr-11,-0.005
6-Apr-11,-1.5
7-Apr-11,-4.406
8-Apr-11,-4.458
9-Apr-11,-2.963
10-Apr-11,-0.406
11-Apr-11,3.205
12-Apr-11,7
13-Apr-11,4
14-Apr-11,2.014
15-Apr-11,-1.517
16-Apr-11,-4
17-Apr-11,-0.066
18-Apr-11,2.992
19-Apr-11,4.789
20-Apr-11,2.9
21-Apr-11,1
22-Apr-11,-0.5
23-Apr-11,-0.477
24-Apr-11,2.471
25-Apr-11,4.853
26-Apr-11,6.5
27-Apr-11,7.505
28-Apr-11,9.77
29-Apr-11,8.904
30-Apr-11,7.5
1-May-11,3.988
2-May-11,2
3-May-11,6.411
4-May-11,7.763
5-May-11,6.03
6-May-11,4.022
7-May-11,6.132
8-May-11,7.5
9-May-11,7
10-May-11,8.361
11-May-11,8.167
12-May-11,7.635
13-May-11,4.5
14-May-11,5.5
15-May-11,7.813
16-May-11,7.553
17-May-11,5.953
18-May-11,7.611
19-May-11,10
20-May-11,10.537
21-May-11,10.225
22-May-11,7.933
23-May-11,6.951
24-May-11,8.488
25-May-11,11.8
26-May-11,10.193
27-May-11,12.245
28-May-11,12.525
29-May-11,12.195
30-May-11,14.988
31-May-11,12.905
1-Jun-11,12.496
2-Jun-11,12.586
3-Jun-11,9.504
4-Jun-11,7
5-Jun-11,5.5
6-Jun-11,8.02
7-Jun-11,10.196
8-Jun-11,11.188
9-Jun-11,14
10-Jun-11,15.5
11-Jun-11,12.796
12-Jun-11,9.925
13-Jun-11,9.925
14-Jun-11,10.499
15-Jun-11,10.493
16-Jun-11,9.983
17-Jun-11,13.5
18-Jun-11,14.5
19-Jun-11,11.327
20-Jun-11,10.5
21-Jun-11,12.488
22-Jun-11,12.5
23-Jun-11,13.365
24-Jun-11,11.479
25-Jun-11,11.233
26-Jun-11,12.474
27-Jun-11,14.14
28-Jun-11,14.5
29-Jun-11,15.5
30-Jun-11,15
1-Jul-11,13.5
2-Jul-11,14.5
3-Jul-11,15.5
4-Jul-11,16.891
5-Jul-11,15.458
6-Jul-11,16
7-Jul-11,16
8-Jul-11,13.848
9-Jul-11,16.292
10-Jul-11,15
11-Jul-11,17.157
12-Jul-11,20
13-Jul-11,19.005
14-Jul-11,14.21
15-Jul-11,13
16-Jul-11,15
17-Jul-11,16.5
18-Jul-11,20.467
19-Jul-11,18
20-Jul-11,15.5
21-Jul-11,19.413
22-Jul-11,22.874
23-Jul-11,20.88
24-Jul-11,18.507
25-Jul-11,13.715
26-Jul-11,15.488
27-Jul-11,14.648
28-Jul-11,14.258
29-Jul-11,16
30-Jul-11,18.464
31-Jul-11,15
1-Aug-11,15.048
2-Aug-11,15.5
3-Aug-11,13.5
4-Aug-11,14.5
5-Aug-11,15.979
6-Aug-11,15.574
7-Aug-11,18.171
8-Aug-11,19.005
9-Aug-11,15.023
10-Aug-11,15.598
11-Aug-11,15.245
12-Aug-11,12.85
13-Aug-11,13.741
14-Aug-11,15.116
15-Aug-11,15.616
16-Aug-11,14.636
17-Aug-11,13.646
18-Aug-11,13.078
19-Aug-11,15.162
20-Aug-11,16.349
21-Aug-11,16
22-Aug-11,16
23-Aug-11,11.118
24-Aug-11,12.537
25-Aug-11,16.46
26-Aug-11,16.792
27-Aug-11,15
28-Aug-11,17.013
29-Aug-11,15.5
30-Aug-11,11.657
31-Aug-11,13
1-Sep-11,12.5
2-Sep-11,11.5
3-Sep-11,12.5
4-Sep-11,15.367
5-Sep-11,17
6-Sep-11,15.036
7-Sep-11,13.956
8-Sep-11,12.969
9-Sep-11,13.469
10-Sep-11,11.463
11-Sep-11,7.5
12-Sep-11,10.091
13-Sep-11,13.01
14-Sep-11,14.973
15-Sep-11,12.523
16-Sep-11,5.902
17-Sep-11,4
18-Sep-11,5.995
19-Sep-11,4.73
20-Sep-11,6.88
21-Sep-11,9.506
22-Sep-11,11.448
23-Sep-11,16.267
24-Sep-11,16.963
25-Sep-11,17.925
26-Sep-11,14.5
27-Sep-11,11.739
28-Sep-11,10.995
29-Sep-11,12.163
30-Sep-11,13.425
1-Oct-11,11.919
2-Oct-11,10.141
3-Oct-11,12.003
4-Oct-11,12.041
5-Oct-11,7.714
6-Oct-11,1.5
7-Oct-11,0.448
8-Oct-11,3.802
9-Oct-11,10.563
10-Oct-11,11.806
11-Oct-11,6.512
12-Oct-11,6
13-Oct-11,9.044
14-Oct-11,12.707
15-Oct-11,12.035
16-Oct-11,10.5
17-Oct-11,9.511
18-Oct-11,6.518
19-Oct-11,6.012
20-Oct-11,8.499
21-Oct-11,8
22-Oct-11,6.5
23-Oct-11,3.545
24-Oct-11,3.016
25-Oct-11,4.293
26-Oct-11,3.249
27-Oct-11,2.183
28-Oct-11,-1
29-Oct-11,-2
30-Oct-11,-1.5
31-Oct-11,-1.508
1-Nov-11,-0.953
2-Nov-11,-1.5
3-Nov-11,0.058
4-Nov-11,1.662
5-Nov-11,-1.5
6-Nov-11,-3.029
7-Nov-11,-2.525
8-Nov-11,2.151
9-Nov-11,4.078
10-Nov-11,6.934
11-Nov-11,5.002
12-Nov-11,-0.988
13-Nov-11,0.366
14-Nov-11,5.822
15-Nov-11,8
16-Nov-11,2.82
17-Nov-11,2.528
18-Nov-11,-0.896
19-Nov-11,-1.5
20-Nov-11,2.815
21-Nov-11,-0.435
22-Nov-11,-5.951
23-Nov-11,-3.956
24-Nov-11,-4.951
25-Nov-11,-4.707
26-Nov-11,-0.307
27-Nov-11,1.489
28-Nov-11,4.421
29-Nov-11,6.591
30-Nov-11,5.954
1-Dec-11,-0.29
2-Dec-11,-3.573
3-Dec-11,-2.961
4-Dec-11,-2.56
5-Dec-11,0.997
6-Dec-11,4.685
7-Dec-11,3.627
8-Dec-11,0.494
9-Dec-11,-0.652
10-Dec-11,-2.929
11-Dec-11,-6.693
12-Dec-11,-4.882
13-Dec-11,-4.455
14-Dec-11,-1.321
15-Dec-11,0.506
16-Dec-11,1.804
17-Dec-11,-4.994
18-Dec-11,-11.012
19-Dec-11,-12.66
20-Dec-11,-9.309
21-Dec-11,-8.489
22-Dec-11,-1.124
23-Dec-11,-2.033
24-Dec-11,-10.308
25-Dec-11,-13.705
26-Dec-11,-10.101
27-Dec-11,-6.809
28-Dec-11,-3.937
29-Dec-11,-8.285
30-Dec-11,-7.908
31-Dec-11,-5.068
1-Jan-12,-2.114
2-Jan-12,-1
3-Jan-12,-8.976
4-Jan-12,-14.846
5-Jan-12,-11.865
6-Jan-12,-8.66
7-Jan-12,-5.452
8-Jan-12,-5.135
9-Jan-12,-9.727
10-Jan-12,-6.689
11-Jan-12,-7.679
12-Jan-12,-6.641
13-Jan-12,-4.865
14-Jan-12,-9.375
15-Jan-12,-18.798
16-Jan-12,-18.689
17-Jan-12,-10.642
18-Jan-12,-6.463
19-Jan-12,-15.645
20-Jan-12,-13.589
21-Jan-12,-14.366
22-Jan-12,-18.221
23-Jan-12,-12.351
24-Jan-12,-0.594
25-Jan-12,-0.989
26-Jan-12,-3.88
27-Jan-12,-2.94
28-Jan-12,-1.091
29-Jan-12,-1.465
30-Jan-12,-4.894
31-Jan-12,-7.934
1-Feb-12,-5.784
2-Feb-12,-4.859
3-Feb-12,-9.7
4-Feb-12,-8.95
5-Feb-12,-13.19
6-Feb-12,-9.78
7-Feb-12,-5.954
8-Feb-12,-10.884
9-Feb-12,-8.415
10-Feb-12,-6.924
11-Feb-12,-5.855
12-Feb-12,-13.104
13-Feb-12,-14.815
14-Feb-12,-10.124
15-Feb-12,-4.53
16-Feb-12,-1.5
17-Feb-12,-0.004
18-Feb-12,-2
19-Feb-12,-4
20-Feb-12,-7.5
21-Feb-12,-7.908
22-Feb-12,-4.426
23-Feb-12,-0.621
24-Feb-12,-2
25-Feb-12,-2
26-Feb-12,-6.054
27-Feb-12,-8.975
1-Mar-12,-6.609
2-Mar-12,-10.98
3-Mar-12,-7.179
4-Mar-12,-2.382
5-Mar-12,-6.102
6-Mar-12,-11.611
7-Mar-12,-8.107
8-Mar-12,0.11
9-Mar-12,-0.049
10-Mar-12,-3.464
11-Mar-12,-3.101
12-Mar-12,-0.666
13-Mar-12,3.244
14-Mar-12,1.194
15-Mar-12,-1.151
16-Mar-12,-2
17-Mar-12,0.5
18-Mar-12,2.5
19-Mar-12,4.377
20-Mar-12,2
21-Mar-12,6.32
22-Mar-12,9.997
23-Mar-12,9.231
24-Mar-12,4.407
25-Mar-12,3.513
26-Mar-12,-0.378
27-Mar-12,-5.778
28-Mar-12,-3.701
29-Mar-12,-1.036
30-Mar-12,-1.5
31-Mar-12,-2.5
1-Apr-12,-3.945
2-Apr-12,-1.384
3-Apr-12,-1.5
4-Apr-12,0.616
5-Apr-12,-0.12
6-Apr-12,-2.167
7-Apr-12,-1.544
8-Apr-12,0.498
9-Apr-12,2.031
10-Apr-12,3.925
11-Apr-12,0.167
12-Apr-12,2.045
13-Apr-12,0.744
14-Apr-12,2.807
15-Apr-12,6.147
16-Apr-12,7.454
17-Apr-12,9.5
18-Apr-12,5.247
19-Apr-12,1.5
20-Apr-12,2.799
21-Apr-12,7.049
22-Apr-12,4.995
23-Apr-12,2.654
24-Apr-12,5.684
25-Apr-12,4.064
26-Apr-12,1.512
27-Apr-12,3.023
28-Apr-12,-0.605
29-Apr-12,-0.5
30-Apr-12,-0.5
1-May-12,3.189
2-May-12,4.99
3-May-12,5.582
4-May-12,6.845
5-May-12,7.041
6-May-12,4.191
7-May-12,3.006
8-May-12,5.394
9-May-12,7.983
10-May-12,9.021
11-May-12,5.465
12-May-12,5.091
13-May-12,7.22
14-May-12,9.5
15-May-12,10.493
16-May-12,12.333
17-May-12,9.5
18-May-12,5
19-May-12,6
20-May-12,9.5
21-May-12,10
22-May-12,12.527
23-May-12,14.5
24-May-12,13.425
25-May-12,12.763
26-May-12,14.244
27-May-12,12.527
28-May-12,12.701
29-May-12,12.589
30-May-12,12.849
31-May-12,13.5
1-Jun-12,10.106
2-Jun-12,10.512
3-Jun-12,10.476
4-Jun-12,9.425
5-Jun-12,8.976
6-Jun-12,8
7-Jun-12,8.007
8-Jun-12,10
9-Jun-12,10.76
10-Jun-12,10.104
11-Jun-12,10.495
12-Jun-12,12.966
13-Jun-12,14.381
14-Jun-12,12.5
15-Jun-12,10
16-Jun-12,9.983
17-Jun-12,8
18-Jun-12,9.5
19-Jun-12,12.488
20-Jun-12,14.974
21-Jun-12,18.012
22-Jun-12,16
23-Jun-12,16.865
24-Jun-12,15.502
25-Jun-12,16.061
26-Jun-12,15.474
27-Jun-12,14.536
28-Jun-12,14.5
29-Jun-12,15
30-Jun-12,16.5
1-Jul-12,17.5
2-Jul-12,16.614
3-Jul-12,15.5
4-Jul-12,15.5
5-Jul-12,17
6-Jul-12,18
7-Jul-12,19
8-Jul-12,16.366
9-Jul-12,13
10-Jul-12,11.512
11-Jul-12,13.985
12-Jul-12,14.5
13-Jul-12,15.5
14-Jul-12,18.202
15-Jul-12,18.922
16-Jul-12,19.303
17-Jul-12,19
18-Jul-12,18.646
19-Jul-12,13
20-Jul-12,12.104
21-Jul-12,12
22-Jul-12,14.376
23-Jul-12,16.587
24-Jul-12,17.5
25-Jul-12,14.933
26-Jul-12,15.5
27-Jul-12,16.078
28-Jul-12,15.99
29-Jul-12,16.5
30-Jul-12,14.5
31-Jul-12,16.5
1-Aug-12,17.995
2-Aug-12,18.829
3-Aug-12,18.459
4-Aug-12,18.476
5-Aug-12,19.146
6-Aug-12,19.014
7-Aug-12,13.523
8-Aug-12,14.185
9-Aug-12,16.807
10-Aug-12,18.525
11-Aug-12,18.999
12-Aug-12,19.571
13-Aug-12,18.152
14-Aug-12,17.634
15-Aug-12,18
16-Aug-12,16.966
17-Aug-12,15.456
18-Aug-12,16.557
19-Aug-12,13.996
20-Aug-12,13.065
21-Aug-12,15
22-Aug-12,12.461
23-Aug-12,13.671
24-Aug-12,15.5
25-Aug-12,15.5
26-Aug-12,15
27-Aug-12,14.778
28-Aug-12,16
29-Aug-12,11.176
30-Aug-12,11.52
31-Aug-12,15.079
1-Sep-12,14.5
2-Sep-12,12.219
3-Sep-12,12.5
4-Sep-12,12.5
5-Sep-12,15.12
6-Sep-12,15
7-Sep-12,15.12
8-Sep-12,16.5
9-Sep-12,14.641
10-Sep-12,9.047
11-Sep-12,7.5
12-Sep-12,8.605
13-Sep-12,9.94
14-Sep-12,11.904
15-Sep-12,12.003
16-Sep-12,7
17-Sep-12,5.039
18-Sep-12,7.586
19-Sep-12,10.04
20-Sep-12,4.293
21-Sep-12,5.016
22-Sep-12,9.527
23-Sep-12,10.929
24-Sep-12,5.686
25-Sep-12,5.531
26-Sep-12,9.82
27-Sep-12,9.792
28-Sep-12,3.793
29-Sep-12,6.752
30-Sep-12,10.058
1-Oct-12,10
2-Oct-12,10.833
3-Oct-12,13.008
4-Oct-12,14.269
5-Oct-12,13.897
6-Oct-12,11.358
7-Oct-12,5
8-Oct-12,3.522
9-Oct-12,4.395
10-Oct-12,4.649
11-Oct-12,6
12-Oct-12,3.505
13-Oct-12,-1.317
14-Oct-12,1.316
15-Oct-12,6.485
16-Oct-12,6.951
17-Oct-12,1
18-Oct-12,2.896
19-Oct-12,5.888
20-Oct-12,10.25
21-Oct-12,7.648
22-Oct-12,7
23-Oct-12,4
24-Oct-12,1
25-Oct-12,1.591
26-Oct-12,3
27-Oct-12,5
28-Oct-12,6.5
29-Oct-12,9.071
30-Oct-12,12.31
31-Oct-12,12.327
1-Nov-12,6.289
2-Nov-12,5
3-Nov-12,4.55
4-Nov-12,3.019
5-Nov-12,-0.85
6-Nov-12,-4.49
7-Nov-12,-3.985
8-Nov-12,-1.549
9-Nov-12,0.5
10-Nov-12,-1
11-Nov-12,-1
12-Nov-12,2.767
13-Nov-12,4.861
14-Nov-12,-1.5
15-Nov-12,-2.242
16-Nov-12,-2.5
17-Nov-12,-2.921
18-Nov-12,-4.467
19-Nov-12,-4.504
20-Nov-12,-4.263
21-Nov-12,-2.409
22-Nov-12,-2.27
23-Nov-12,-1.258
24-Nov-12,-0.387
25-Nov-12,-2.352
26-Nov-12,-5.493
27-Nov-12,-5.708
28-Nov-12,-4.681
29-Nov-12,-6.512
30-Nov-12,-8.064
1-Dec-12,-8.725
2-Dec-12,-5.943
3-Dec-12,-1.743
4-Dec-12,-2.163
5-Dec-12,0.057
6-Dec-12,-3.996
7-Dec-12,-5.838
8-Dec-12,-1.34
9-Dec-12,0
10-Dec-12,-0.314
11-Dec-12,-1.434
12-Dec-12,-6.897
13-Dec-12,-6.295
14-Dec-12,-4.433
15-Dec-12,-6
16-Dec-12,-8.527
17-Dec-12,-7.332
18-Dec-12,-3.045
19-Dec-12,1.441
20-Dec-12,-1
21-Dec-12,-0.96
22-Dec-12,-0.823
23-Dec-12,-5.352
24-Dec-12,-5.083
25-Dec-12,-6.971
26-Dec-12,-9.838
27-Dec-12,-6.741
28-Dec-12,-4.971
29-Dec-12,-8.942
30-Dec-12,-8.947
1-Jan-13,-9.449
2-Jan-13,-15.583
3-Jan-13,-17.727
4-Jan-13,-16.227
5-Jan-13,-9.255
6-Jan-13,-9.593
7-Jan-13,-8.472
8-Jan-13,-8.844
9-Jan-13,-6.939
10-Jan-13,-4.561
11-Jan-13,-5.267
12-Jan-13,-2.801
13-Jan-13,1.5
14-Jan-13,2
15-Jan-13,-2.461
16-Jan-13,-2.71
17-Jan-13,-6.311
18-Jan-13,-14.223
19-Jan-13,-13.19
20-Jan-13,-3.744
21-Jan-13,-9.865
22-Jan-13,-12.032
23-Jan-13,-18.602
24-Jan-13,-20.27
25-Jan-13,-18.604
26-Jan-13,-14.956
27-Jan-13,-13.598
28-Jan-13,-13.093
29-Jan-13,-10.564
30-Jan-13,-4.758
31-Jan-13,0.691
1-Feb-13,-6.346
2-Feb-13,-11.481
3-Feb-13,-9.63
4-Feb-13,-8.193
5-Feb-13,-14
6-Feb-13,-11.912
7-Feb-13,-12.667
8-Feb-13,-12.859
9-Feb-13,-12.452
10-Feb-13,-13.689
11-Feb-13,-12.444
12-Feb-13,-5.948
13-Feb-13,-3.006
14-Feb-13,-3
15-Feb-13,-5.576
16-Feb-13,-3.553
17-Feb-13,-7.075
18-Feb-13,-10.189
19-Feb-13,-9.431
20-Feb-13,-5.446
21-Feb-13,-5.916
22-Feb-13,-5.681
23-Feb-13,-3.68
24-Feb-13,-2.165
25-Feb-13,-4.114
26-Feb-13,-3
27-Feb-13,-2.007
28-Feb-13,-0.429
1-Mar-13,-0.496
2-Mar-13,-0.957
3-Mar-13,-0.426
4-Mar-13,-0.61
5-Mar-13,-0.976
6-Mar-13,0.002
7-Mar-13,-0.534
8-Mar-13,-1.848
9-Mar-13,-2.46
10-Mar-13,-4.5
11-Mar-13,-2.242
12-Mar-13,2.61
13-Mar-13,1.908
14-Mar-13,-4.95
15-Mar-13,-8.814
16-Mar-13,-7.041
17-Mar-13,-8.488
18-Mar-13,-10.909
19-Mar-13,-7.871
20-Mar-13,-7.325
21-Mar-13,-7.016
22-Mar-13,-6.262
23-Mar-13,-4.762
24-Mar-13,-2.855
25-Mar-13,-3.008
26-Mar-13,-1.884
27-Mar-13,-1.972
28-Mar-13,0.352
29-Mar-13,0.5
30-Mar-13,0
31-Mar-13,-3
1-Apr-13,-1.028
2-Apr-13,-2.868
3-Apr-13,-2.512
4-Apr-13,-2.507
5-Apr-13,0.018
6-Apr-13,-3.104
7-Apr-13,-4.49
8-Apr-13,0.282
9-Apr-13,3
10-Apr-13,3.987
11-Apr-13,4.289
12-Apr-13,0.831
13-Apr-13,0.126
14-Apr-13,1.445
15-Apr-13,-0.463
16-Apr-13,1.558
17-Apr-13,4.379
18-Apr-13,0.364
19-Apr-13,4.814
20-Apr-13,6.351
21-Apr-13,0
22-Apr-13,-1.256
23-Apr-13,-1.769
24-Apr-13,1.572
25-Apr-13,6.016
26-Apr-13,1.507
27-Apr-13,1.249
28-Apr-13,2
29-Apr-13,2.983
30-Apr-13,2.5
1-May-13,2
2-May-13,3.723
3-May-13,2.064
4-May-13,2.5
5-May-13,1
6-May-13,1.929
7-May-13,4.646
8-May-13,7.353
9-May-13,10
10-May-13,10.473
11-May-13,10.598
12-May-13,9.982
13-May-13,4.686
14-May-13,3.5
15-May-13,2.5
16-May-13,6.159
17-May-13,7.993
18-May-13,4.512
19-May-13,7
20-May-13,8.5
21-May-13,9.856
22-May-13,9.035
23-May-13,9.062
24-May-13,9.838
25-May-13,7.995
26-May-13,6.508
27-May-13,4.132
28-May-13,5
29-May-13,7.916
30-May-13,11.481
31-May-13,14.5
1-Jun-13,18.358
2-Jun-13,18.209
3-Jun-13,14.936
4-Jun-13,9.5
5-Jun-13,9
6-Jun-13,9.949
7-Jun-13,10.5
8-Jun-13,11.146
9-Jun-13,12.5
10-Jun-13,11.5
11-Jun-13,11.502
12-Jun-13,12.394
13-Jun-13,10.512
14-Jun-13,11
15-Jun-13,10.557
16-Jun-13,11.394
17-Jun-13,13.12
18-Jun-13,13
19-Jun-13,9.957
20-Jun-13,9
21-Jun-13,11.523
22-Jun-13,14.068
23-Jun-13,16.5
24-Jun-13,18.024
25-Jun-13,19.102
26-Jun-13,16.598
27-Jun-13,12.925
28-Jun-13,13.286
29-Jun-13,15.248
30-Jun-13,16.5
1-Jul-13,17.5
2-Jul-13,15.67
3-Jul-13,14.405
4-Jul-13,16.5
5-Jul-13,20.477
6-Jul-13,20.976
7-Jul-13,19.5
8-Jul-13,19.479
9-Jul-13,17
10-Jul-13,15.956
11-Jul-13,17.605
12-Jul-13,16.493
13-Jul-13,14.5
14-Jul-13,16.545
15-Jul-13,19.5
16-Jul-13,20.5
17-Jul-13,19.287
18-Jul-13,20.094
19-Jul-13,20.479
20-Jul-13,21.169
21-Jul-13,16.5
22-Jul-13,15.988
23-Jul-13,16.002
24-Jul-13,15.163
25-Jul-13,12.578
26-Jul-13,14.687
27-Jul-13,16
28-Jul-13,15.488
29-Jul-13,16.256
30-Jul-13,15.505
31-Jul-13,13.873
1-Aug-13,14.037
2-Aug-13,15.997
3-Aug-13,14.5
4-Aug-13,13.5
5-Aug-13,12
6-Aug-13,10.063
7-Aug-13,10.788
8-Aug-13,14.591
9-Aug-13,17.5
10-Aug-13,16
11-Aug-13,11.057
12-Aug-13,13.116
13-Aug-13,14.21
14-Aug-13,15
15-Aug-13,11.5
16-Aug-13,11.62
17-Aug-13,12.853
18-Aug-13,12.448
19-Aug-13,14.012
20-Aug-13,16.011
21-Aug-13,16.5
22-Aug-13,17
23-Aug-13,15.421
24-Aug-13,10.027
25-Aug-13,10.821
26-Aug-13,13.586
27-Aug-13,16.5
28-Aug-13,16.5
29-Aug-13,16.217
30-Aug-13,14.082
31-Aug-13,17
1-Sep-13,19
2-Sep-13,17.5
3-Sep-13,17.5
4-Sep-13,14.079
5-Sep-13,11.551
6-Sep-13,6.5
7-Sep-13,8.067
8-Sep-13,9.5
9-Sep-13,5.71
10-Sep-13,8.921
11-Sep-13,14.439
12-Sep-13,17.785
13-Sep-13,16.419
14-Sep-13,12
15-Sep-13,7.545
16-Sep-13,7.225
17-Sep-13,3.5
18-Sep-13,5.045
19-Sep-13,7.045
20-Sep-13,8.5
21-Sep-13,10.591
22-Sep-13,11.944
23-Sep-13,6.5
24-Sep-13,6
25-Sep-13,6.5
26-Sep-13,6.567
27-Sep-13,9.81
28-Sep-13,8.5
29-Sep-13,6.5
30-Sep-13,5.013
1-Oct-13,6.688
2-Oct-13,9.858
3-Oct-13,11
4-Oct-13,8.495
5-Oct-13,9.375
6-Oct-13,8.502
7-Oct-13,9.871
8-Oct-13,7.502
9-Oct-13,2.54
10-Oct-13,3.118
11-Oct-13,5.439
12-Oct-13,8.506
13-Oct-13,6.384
14-Oct-13,3.823
15-Oct-13,7.186
16-Oct-13,11.013
17-Oct-13,11
18-Oct-13,9.5
19-Oct-13,5.737
20-Oct-13,6.047
21-Oct-13,3.495
22-Oct-13,5.554
23-Oct-13,2
24-Oct-13,1.539
25-Oct-13,0.5
26-Oct-13,-1.688
27-Oct-13,0.822
28-Oct-13,-0.338
29-Oct-13,-3.5
30-Oct-13,-2.77
31-Oct-13,-1.909
1-Nov-13,6.326
2-Nov-13,5.5
3-Nov-13,1.27
4-Nov-13,-4
5-Nov-13,-4.811
6-Nov-13,-0.728
7-Nov-13,3.097
8-Nov-13,-0.99
9-Nov-13,-1
10-Nov-13,-0.1
11-Nov-13,1.058
12-Nov-13,-1.162
13-Nov-13,-6.348
14-Nov-13,-4.454
15-Nov-13,-2.45
16-Nov-13,-0.448
17-Nov-13,1.402
18-Nov-13,5.026
19-Nov-13,0.963
20-Nov-13,-3.5
21-Nov-13,-5.508
22-Nov-13,-2.904
23-Nov-13,-1.588
24-Nov-13,-7.012
25-Nov-13,-8.696
26-Nov-13,-5.844
27-Nov-13,-1.478
28-Nov-13,-4.488
29-Nov-13,-9.967
30-Nov-13,-12.407
1-Dec-13,-6.449
2-Dec-13,-0.52
3-Dec-13,-0.069
4-Dec-13,-2.488
5-Dec-13,-3.951
6-Dec-13,-0.031
7-Dec-13,-2.156
8-Dec-13,-7
9-Dec-13,-5.66
10-Dec-13,-6.456
11-Dec-13,-9.617
12-Dec-13,-12.978
13-Dec-13,-13.966
14-Dec-13,-17.8
15-Dec-13,-15.66
16-Dec-13,-14.927
17-Dec-13,-20.814
18-Dec-13,-16.338
19-Dec-13,-8.806
20-Dec-13,-4.258
21-Dec-13,-1.385
22-Dec-13,-2.075
23-Dec-13,-3.01
24-Dec-13,-6.517
25-Dec-13,-14.825
26-Dec-13,-12.978
27-Dec-13,-10.891
28-Dec-13,-9.011
29-Dec-13,-5.632
30-Dec-13,-10.504
31-Dec-13,-18.736
1-Jan-14,-18.683
2-Jan-14,-20.595
3-Jan-14,-22.5
4-Jan-14,-24.495
5-Jan-14,-16.999
6-Jan-14,-7.088
7-Jan-14,-12.053
8-Jan-14,-15.425
9-Jan-14,-14.448
10-Jan-14,-14.639
11-Jan-14,-8.396
12-Jan-14,0.55
13-Jan-14,-1.978
14-Jan-14,1.142
15-Jan-14,-1
16-Jan-14,-2
17-Jan-14,-0.988
18-Jan-14,-3.151
19-Jan-14,-3.056
20-Jan-14,-7.351
21-Jan-14,-16.541
22-Jan-14,-16.484
23-Jan-14,-18.781
24-Jan-14,-18.637
25-Jan-14,-15.378
26-Jan-14,-11.004
27-Jan-14,-10.959
28-Jan-14,-14.464
29-Jan-14,-13.165
30-Jan-14,-14.225
31-Jan-14,-10.656
1-Feb-14,-5.373
2-Feb-14,-2.746
3-Feb-14,-3.893
4-Feb-14,-11.433
5-Feb-14,-9.65
6-Feb-14,-14.613
7-Feb-14,-16.569
8-Feb-14,-15.441
9-Feb-14,-11.921
10-Feb-14,-12.217
11-Feb-14,-18.287
12-Feb-14,-19.451
13-Feb-14,-15.187
14-Feb-14,-6.947
15-Feb-14,-8.262
16-Feb-14,-9.165
17-Feb-14,-14.5
18-Feb-14,-19.017
19-Feb-14,-12.92
20-Feb-14,-5.766
21-Feb-14,-1.266
22-Feb-14,-1.984
23-Feb-14,-0.921
24-Feb-14,-5.125
25-Feb-14,-11.5
26-Feb-14,-15.186
27-Feb-14,-16.394
28-Feb-14,-15.117
1-Mar-14,-16.81
2-Mar-14,-11.376
3-Mar-14,-13.376
4-Mar-14,-18.513
5-Mar-14,-15.424
6-Mar-14,-17.906
7-Mar-14,-15.66
8-Mar-14,-10.884
9-Mar-14,-7.474
10-Mar-14,-5.837
11-Mar-14,-3.179
12-Mar-14,-3.481
13-Mar-14,-9.407
14-Mar-14,-14.952
15-Mar-14,-7.073
16-Mar-14,-8.666
17-Mar-14,-13.316
18-Mar-14,-13.957
19-Mar-14,-10.616
20-Mar-14,-4.756
21-Mar-14,-1.975
22-Mar-14,-5.829
23-Mar-14,-7.62
24-Mar-14,-13.178
25-Mar-14,-13.558
26-Mar-14,-9.461
27-Mar-14,-9.118
28-Mar-14,-4.602
29-Mar-14,0.161
30-Mar-14,0.661
1-Apr-14,-0.871
2-Apr-14,-2.5
3-Apr-14,-3.5
4-Apr-14,-3.488
5-Apr-14,-0.571
6-Apr-14,0.04
7-Apr-14,-1
8-Apr-14,1.645
9-Apr-14,0.5
10-Apr-14,-2.974
11-Apr-14,2.695
12-Apr-14,5.5
13-Apr-14,4
14-Apr-14,2.565
15-Apr-14,3.632
16-Apr-14,-2.712
17-Apr-14,-5.894
18-Apr-14,-4.943
19-Apr-14,-2.883
20-Apr-14,-1.237
21-Apr-14,-0.5
22-Apr-14,3.023
23-Apr-14,5.945
24-Apr-14,4.208
25-Apr-14,2.512
26-Apr-14,2.819
27-Apr-14,3.633
28-Apr-14,3.558
29-Apr-14,4
30-Apr-14,3.626
1-May-14,4.036
2-May-14,5.72
3-May-14,5.105
4-May-14,6
5-May-14,5.772
6-May-14,4.5
7-May-14,4.023
8-May-14,4.495
9-May-14,5.578
10-May-14,7.473
11-May-14,11.048
12-May-14,9
13-May-14,6.039
14-May-14,5.5
15-May-14,7.506
16-May-14,10.676
17-May-14,11.5
18-May-14,9.5
19-May-14,8.988
20-May-14,8.327
21-May-14,8.504
22-May-14,8.934
23-May-14,9.506
24-May-14,9.626
25-May-14,9.268
26-May-14,10.316
27-May-14,9.634
28-May-14,6
29-May-14,3.5
30-May-14,4.5
31-May-14,7
1-Jun-14,7.329
2-Jun-14,8
3-Jun-14,9
4-Jun-14,9
5-Jun-14,10.887
6-Jun-14,11.5
7-Jun-14,13
8-Jun-14,15.5
9-Jun-14,15
10-Jun-14,14
11-Jun-14,10.656
12-Jun-14,12.104
13-Jun-14,12.99
14-Jun-14,12.976
15-Jun-14,13
16-Jun-14,12
17-Jun-14,12.493
18-Jun-14,15.255
19-Jun-14,14.5
20-Jun-14,10.5
21-Jun-14,9
22-Jun-14,9.431
23-Jun-14,10
24-Jun-14,13.027
25-Jun-14,15.605
26-Jun-14,15
27-Jun-14,11
28-Jun-14,11.5
29-Jun-14,13.5
30-Jun-14,15.396
1-Jul-14,18.54
2-Jul-14,19.652
3-Jul-14,18.407
4-Jul-14,17.846
5-Jul-14,14.142
6-Jul-14,15.899
7-Jul-14,16.5
8-Jul-14,18.773
9-Jul-14,18.358
10-Jul-14,16.5
11-Jul-14,13
12-Jul-14,13.5
13-Jul-14,15.606
14-Jul-14,18
15-Jul-14,19.407
16-Jul-14,18.659
17-Jul-14,16.48
18-Jul-14,13
19-Jul-14,13.5
20-Jul-14,14.5
21-Jul-14,12.5
22-Jul-14,14.045
23-Jul-14,18
24-Jul-14,17
25-Jul-14,12.5
26-Jul-14,14.686
27-Jul-14,15
28-Jul-14,16.656
29-Jul-14,15.373
30-Jul-14,13.993
31-Jul-14,14.103
1-Aug-14,14.5
2-Aug-14,15.336
3-Aug-14,13
4-Aug-14,13.8
5-Aug-14,15.5
6-Aug-14,16.5
7-Aug-14,13.5
8-Aug-14,13.5
9-Aug-14,14.5
10-Aug-14,15
11-Aug-14,14.5
12-Aug-14,16
13-Aug-14,16.666
14-Aug-14,15.118
15-Aug-14,11.483
16-Aug-14,12.5
17-Aug-14,14
18-Aug-14,13.437
19-Aug-14,10.852
20-Aug-14,11.5
21-Aug-14,12.5
22-Aug-14,14
23-Aug-14,12.534
24-Aug-14,11.5
25-Aug-14,15.301
26-Aug-14,15.765
27-Aug-14,17.04
28-Aug-14,15.263
29-Aug-14,11.769
30-Aug-14,11
31-Aug-14,15.484
1-Sep-14,18
2-Sep-14,17
3-Sep-14,17.353
4-Sep-14,13.006
5-Sep-14,15.23
6-Sep-14,16.815
7-Sep-14,13.501
8-Sep-14,10
9-Sep-14,7.711
10-Sep-14,10.474
11-Sep-14,13.535
12-Sep-14,9.517
13-Sep-14,6.012
14-Sep-14,6.686
15-Sep-14,4.773
16-Sep-14,7.044
17-Sep-14,8.185
18-Sep-14,6.719
19-Sep-14,2
20-Sep-14,2.547
21-Sep-14,8.898
22-Sep-14,11.447
23-Sep-14,5
24-Sep-14,6.497
25-Sep-14,6.5
26-Sep-14,7.04
27-Sep-14,10.543
28-Sep-14,12.917
29-Sep-14,12.847
30-Sep-14,10.881
1-Oct-14,11.789
2-Oct-14,9.5
3-Oct-14,6
4-Oct-14,9.148
5-Oct-14,9.5
6-Oct-14,3.792
7-Oct-14,6.799
8-Oct-14,12.626
9-Oct-14,8
10-Oct-14,3.747
11-Oct-14,3.512
12-Oct-14,2.737
13-Oct-14,2.118
14-Oct-14,6.836
15-Oct-14,14.08
16-Oct-14,16.287
17-Oct-14,14.434
18-Oct-14,10.51
19-Oct-14,6.451
20-Oct-14,2.398
21-Oct-14,4.027
22-Oct-14,7.201
23-Oct-14,7.895
24-Oct-14,7.951
25-Oct-14,5.5
26-Oct-14,5.033
27-Oct-14,4.523
28-Oct-14,5.5
29-Oct-14,7.545
30-Oct-14,2.836
31-Oct-14,0.995
1-Nov-14,1.956
2-Nov-14,1.445
3-Nov-14,-0.01
4-Nov-14,-0.5
5-Nov-14,3.141
6-Nov-14,3.011
7-Nov-14,2.616
8-Nov-14,-0.879
9-Nov-14,0
10-Nov-14,-0.5
11-Nov-14,0.369
12-Nov-14,3.351
13-Nov-14,-0.5
14-Nov-14,-2
15-Nov-14,-5.982
16-Nov-14,-5.942
17-Nov-14,-2.089
18-Nov-14,-1.772
19-Nov-14,-4.976
20-Nov-14,-4.072
21-Nov-14,-5.1
22-Nov-14,-7.51
23-Nov-14,-1.838
24-Nov-14,2.425
25-Nov-14,5.801
26-Nov-14,0.82
27-Nov-14,-2.384
28-Nov-14,-5.563
29-Nov-14,-10.695
30-Nov-14,-7.757
1-Dec-14,0.079
2-Dec-14,-4.21
3-Dec-14,-5.061
4-Dec-14,-4.494
5-Dec-14,-10.485
6-Dec-14,-7.049
7-Dec-14,-6.573
8-Dec-14,-13.289
9-Dec-14,-10.321
10-Dec-14,-1.677
11-Dec-14,1.035
12-Dec-14,-0.275
13-Dec-14,-0.536
14-Dec-14,-1.5
15-Dec-14,-3
16-Dec-14,-3
17-Dec-14,0.335
18-Dec-14,0.5
19-Dec-14,-3
20-Dec-14,-6.208
21-Dec-14,-6.578
22-Dec-14,-3.83
23-Dec-14,-0.568
24-Dec-14,1.558
25-Dec-14,2.04
26-Dec-14,0.118
27-Dec-14,-1.5
28-Dec-14,0.026
29-Dec-14,-4.151
30-Dec-14,-10.429
31-Dec-14,-12.576
1-Jan-15,-11
2-Jan-15,-7.776
3-Jan-15,-11.868
4-Jan-15,-9.207
5-Jan-15,-9.512
6-Jan-15,-17.32
7-Jan-15,-17.725
8-Jan-15,-23.601
9-Jan-15,-17.465
10-Jan-15,-13.731
11-Jan-15,-14.546
12-Jan-15,-9.03
13-Jan-15,-14.396
14-Jan-15,-20.287
15-Jan-15,-12.905
16-Jan-15,-11.058
17-Jan-15,-18.455
18-Jan-15,-13.983
19-Jan-15,-1.934
20-Jan-15,-5.475
21-Jan-15,-11.872
22-Jan-15,-10.052
23-Jan-15,-8.956
24-Jan-15,-6.788
25-Jan-15,-8.448
26-Jan-15,-16.927
27-Jan-15,-14.542
28-Jan-15,-13
29-Jan-15,-15.909
30-Jan-15,-12.058
31-Jan-15,-12.444
1-Feb-15,-17.122
2-Feb-15,-18.144
3-Feb-15,-18.5
4-Feb-15,-18.207
5-Feb-15,-14.769
6-Feb-15,-21.5
7-Feb-15,-17.751
8-Feb-15,-14.5
9-Feb-15,-14.01
10-Feb-15,-13.591
11-Feb-15,-14.319
12-Feb-15,-16.5
13-Feb-15,-18.5
14-Feb-15,-22.567
15-Feb-15,-20.109
16-Feb-15,-19.918
17-Feb-15,-18.79
18-Feb-15,-15.998
19-Feb-15,-13.201
20-Feb-15,-15.555
21-Feb-15,-20.242
22-Feb-15,-11.566
23-Feb-15,-13.455
24-Feb-15,-24.763
25-Feb-15,-16.577
26-Feb-15,-12.006
27-Feb-15,-16
28-Feb-15,-18.854
1-Mar-15,-17.752
2-Mar-15,-10.83
3-Mar-15,-13
4-Mar-15,-7.108
5-Mar-15,-7.302
6-Mar-15,-18.144
7-Mar-15,-14.344
8-Mar-15,-10.271
9-Mar-15,-7.954
10-Mar-15,-4.881
11-Mar-15,-0.963
12-Mar-15,-4.075
13-Mar-15,-10
14-Mar-15,-5.663
15-Mar-15,-3.005
16-Mar-15,-7
17-Mar-15,-6.032
18-Mar-15,-8.502
19-Mar-15,-10.512
20-Mar-15,-11.263
21-Mar-15,-6.067
22-Mar-15,-9.413
23-Mar-15,-12.092
24-Mar-15,-11.833
25-Mar-15,-8.085
26-Mar-15,-2.185
27-Mar-15,2
28-Mar-15,-0.507
29-Mar-15,-6.5
30-Mar-15,-4.729
31-Mar-15,-1.948
1-Apr-15,-5.5
2-Apr-15,-5.383
3-Apr-15,-1.137
4-Apr-15,0.307
5-Apr-15,-5.16
6-Apr-15,-4.59
7-Apr-15,-2.526
8-Apr-15,-3.456
9-Apr-15,-2.5
10-Apr-15,-0.376
11-Apr-15,1.027
12-Apr-15,0.546
13-Apr-15,2.027
14-Apr-15,4.792
15-Apr-15,2.186
16-Apr-15,0.037
17-Apr-15,3.081
18-Apr-15,4.393
19-Apr-15,1
20-Apr-15,0.5
21-Apr-15,3.748
22-Apr-15,2
23-Apr-15,1.54
24-Apr-15,0.498
25-Apr-15,0.412
26-Apr-15,2
27-Apr-15,4.106
28-Apr-15,5.411
29-Apr-15,6.229
30-Apr-15,5
1-May-15,3.432
2-May-15,1.869
3-May-15,3.381
4-May-15,4.006
5-May-15,10.795
6-May-15,7.236
7-May-15,8.301
8-May-15,7.498
9-May-15,5.994
10-May-15,9.011
11-May-15,11
12-May-15,8.419
13-May-15,7.811
14-May-15,4.793
15-May-15,5.995
16-May-15,7.753
17-May-15,9.5
18-May-15,8.596
19-May-15,8.681
20-May-15,8.008
21-May-15,4.869
22-May-15,7.819
23-May-15,2.558
24-May-15,6.412
25-May-15,12.245
26-May-15,14
27-May-15,16.5
28-May-15,16.442
29-May-15,14.5
30-May-15,12.5
31-May-15,11.463
1-Jun-15,7.995
2-Jun-15,6.891
3-Jun-15,6.488
4-Jun-15,6.5
5-Jun-15,5.488
6-Jun-15,8.6
7-Jun-15,7
8-Jun-15,9.578
9-Jun-15,13.041
10-Jun-15,14
11-Jun-15,14.272
12-Jun-15,15.5
13-Jun-15,15.007
14-Jun-15,13.5
15-Jun-15,11.5
16-Jun-15,12.177
17-Jun-15,11.925
18-Jun-15,10
19-Jun-15,12.98
20-Jun-15,9.102
21-Jun-15,12.925
22-Jun-15,14.374
23-Jun-15,14
24-Jun-15,14
25-Jun-15,13
26-Jun-15,12.632
27-Jun-15,9.5
28-Jun-15,11
29-Jun-15,10.432
30-Jun-15,13.12
1-Jul-15,15.268
2-Jul-15,14.023
3-Jul-15,11.594
4-Jul-15,12.052
5-Jul-15,12.859
6-Jul-15,15
7-Jul-15,14.5
8-Jul-15,16.393
9-Jul-15,13.5
10-Jul-15,14.91
11-Jul-15,15.837
12-Jul-15,17
13-Jul-15,16
14-Jul-15,14
15-Jul-15,15.598
16-Jul-15,11.641
17-Jul-15,11
18-Jul-15,15.158
19-Jul-15,17.5
20-Jul-15,17.826
21-Jul-15,16.808
22-Jul-15,15.052
23-Jul-15,14
24-Jul-15,13
25-Jul-15,13.889
26-Jul-15,13.371
27-Jul-15,15.594
28-Jul-15,17
29-Jul-15,17.5
30-Jul-15,18.752
31-Jul-15,18.5
1-Aug-15,16.04
2-Aug-15,15.54
3-Aug-15,16
4-Aug-15,16.5
5-Aug-15,14.5
6-Aug-15,13
7-Aug-15,12.5
8-Aug-15,12.5
9-Aug-15,14.5
10-Aug-15,13.996
11-Aug-15,15.578
12-Aug-15,16.993
13-Aug-15,15
14-Aug-15,13.999
15-Aug-15,16.03
16-Aug-15,18.051
17-Aug-15,18.5
18-Aug-15,18.5
19-Aug-15,19
20-Aug-15,18.5
21-Aug-15,19.175
22-Aug-15,18.5
23-Aug-15,17.702
24-Aug-15,18.641
25-Aug-15,19.804
26-Aug-15,18.969
27-Aug-15,15.495
28-Aug-15,13
29-Aug-15,13
30-Aug-15,15.367
31-Aug-15,16.499
1-Sep-15,15
2-Sep-15,14
3-Sep-15,16.646
4-Sep-15,13
5-Sep-15,10.425
6-Sep-15,12.372
7-Sep-15,15.632
8-Sep-15,19.205
9-Sep-15,18.759
10-Sep-15,18.453
11-Sep-15,14.5
12-Sep-15,11
13-Sep-15,12.5
14-Sep-15,14.293
15-Sep-15,13.641
16-Sep-15,15.5
17-Sep-15,15.5
18-Sep-15,15.495
19-Sep-15,14.333
20-Sep-15,12.765
21-Sep-15,6.407
22-Sep-15,7.917
23-Sep-15,7.5
24-Sep-15,10.049
25-Sep-15,7.5
26-Sep-15,5
27-Sep-15,3.017
28-Sep-15,7.309
29-Sep-15,14.327
30-Sep-15,14.736
1-Oct-15,10.012
2-Oct-15,7.988
3-Oct-15,6.474
4-Oct-15,3.022
5-Oct-15,2.22
6-Oct-15,3.57
7-Oct-15,5.146
8-Oct-15,5
9-Oct-15,3.793
10-Oct-15,4
11-Oct-15,4.078
12-Oct-15,6.21
13-Oct-15,8.467
14-Oct-15,7.992
15-Oct-15,2.018
16-Oct-15,2.758
17-Oct-15,1
18-Oct-15,-2.557
19-Oct-15,-3.5
20-Oct-15,-0.104
21-Oct-15,5.67
22-Oct-15,7.045
23-Oct-15,3.327
24-Oct-15,-2
25-Oct-15,2.423
26-Oct-15,0.964
27-Oct-15,-2
28-Oct-15,-0.942
29-Oct-15,5.194
30-Oct-15,4.353
31-Oct-15,-1.5
1-Nov-15,2.122
2-Nov-15,5.105
3-Nov-15,3.058
4-Nov-15,4.5
5-Nov-15,3.252
6-Nov-15,6.845
7-Nov-15,7.5
8-Nov-15,1.986
9-Nov-15,-1.211
10-Nov-15,-0.962
11-Nov-15,3.124
12-Nov-15,2.994
13-Nov-15,4.499
14-Nov-15,2.368
15-Nov-15,-2.419
16-Nov-15,-1.574
17-Nov-15,-2.707
18-Nov-15,-4.977
19-Nov-15,-1.833
20-Nov-15,2.534
21-Nov-15,-1.481
22-Nov-15,-1.474
23-Nov-15,-1.973
24-Nov-15,-6.742
25-Nov-15,-6.5
26-Nov-15,-3.713
27-Nov-15,5.75
28-Nov-15,2.421
29-Nov-15,-4.5
30-Nov-15,-7.505
1-Dec-15,-7.482
2-Dec-15,-2.267
3-Dec-15,1.548
4-Dec-15,-1.5
5-Dec-15,-2.439
6-Dec-15,-2.607
7-Dec-15,-1.638
8-Dec-15,-1.945
9-Dec-15,-2.5
10-Dec-15,0.868
11-Dec-15,3.619
12-Dec-15,3.045
13-Dec-15,2.006
14-Dec-15,2.506
15-Dec-15,1.99
16-Dec-15,-2.178
17-Dec-15,-1.785
18-Dec-15,1.397
19-Dec-15,-1.993
20-Dec-15,-3.135
21-Dec-15,-4
22-Dec-15,-0.525
23-Dec-15,-0.5
24-Dec-15,2.618
25-Dec-15,2.503
26-Dec-15,0.94
27-Dec-15,0
28-Dec-15,-5.583
29-Dec-15,-8.934
30-Dec-15,-8.652
31-Dec-15,-5.689
1-Jan-16,-2
2-Jan-16,-3.139
3-Jan-16,-3
4-Jan-16,-9.898
5-Jan-16,-16.416
6-Jan-16,-13.851
7-Jan-16,-9.329
8-Jan-16,-7.152
9-Jan-16,-4.031
10-Jan-16,-0.5
11-Jan-16,-2.928
12-Jan-16,-8.442
13-Jan-16,-9.002
14-Jan-16,-11.614
15-Jan-16,-11.448
16-Jan-16,-6.569
17-Jan-16,-5
18-Jan-16,-7.634
19-Jan-16,-11.337
20-Jan-16,-10.135
21-Jan-16,-11.601
22-Jan-16,-12.528
23-Jan-16,-12.5
24-Jan-16,-10.593
25-Jan-16,-8.049
26-Jan-16,-5.366
27-Jan-16,-3.223
28-Jan-16,-8.15
29-Jan-16,-5.109
30-Jan-16,-4
31-Jan-16,-1.292
1-Feb-16,0.379
2-Feb-16,-2.5
3-Feb-16,-2.828
4-Feb-16,1.844
5-Feb-16,-3.223
6-Feb-16,-10
7-Feb-16,-6.99
8-Feb-16,-9.441
9-Feb-16,-10.036
10-Feb-16,-11
11-Feb-16,-12.193
12-Feb-16,-19.345
13-Feb-16,-20.727
14-Feb-16,-23.361
15-Feb-16,-23.051
16-Feb-16,-13.313
17-Feb-16,-2.277
18-Feb-16,-5.104
19-Feb-16,-10.127
20-Feb-16,-5.283
21-Feb-16,0.5
22-Feb-16,-5.223
23-Feb-16,-9.999
24-Feb-16,-5.886
25-Feb-16,-0.857
26-Feb-16,-4.666
27-Feb-16,-10.384
28-Feb-16,-5.445
29-Feb-16,-3.647
1-Mar-16,-4.447
2-Mar-16,-6.54
3-Mar-16,-11.216
4-Mar-16,-11.635
5-Mar-16,-9.497
6-Mar-16,-6.894
7-Mar-16,-4.776
8-Mar-16,-3.346
9-Mar-16,0.485
10-Mar-16,4.517
11-Mar-16,2.493
12-Mar-16,-2.5
13-Mar-16,0.673
14-Mar-16,-1.971
15-Mar-16,0.174
16-Mar-16,3.048
17-Mar-16,3.594
18-Mar-16,0.028
19-Mar-16,-5.439
20-Mar-16,-7.5
21-Mar-16,-5.174
22-Mar-16,-3.506
23-Mar-16,-0.575
24-Mar-16,-1.993
25-Mar-16,-3.989
26-Mar-16,-2.447
27-Mar-16,-2
28-Mar-16,-0.422
29-Mar-16,1.5
30-Mar-16,-3
31-Mar-16,2.019
1-Apr-16,8.305
2-Apr-16,4.505
3-Apr-16,-3.044
4-Apr-16,-8.621
5-Apr-16,-8.468
6-Apr-16,-8.575
7-Apr-16,-2.198
8-Apr-16,1.957
9-Apr-16,-2.119
10-Apr-16,-4.135
11-Apr-16,-2.302
12-Apr-16,1.804
13-Apr-16,-0.909
14-Apr-16,0.171
15-Apr-16,0.844
16-Apr-16,1
17-Apr-16,-0.5
18-Apr-16,2.545
19-Apr-16,3.41
20-Apr-16,2.522
21-Apr-16,1.564
22-Apr-16,6.137
23-Apr-16,6.963
24-Apr-16,0.5
25-Apr-16,-0.013
26-Apr-16,-0.5
27-Apr-16,-2.242
28-Apr-16,-2.495
29-Apr-16,-1.237
1-May-16,2.023
2-May-16,4.526
3-May-16,4.641
4-May-16,4.585
5-May-16,5.537
6-May-16,6.425
7-May-16,6
8-May-16,5.973
9-May-16,2.037
10-May-16,2.5
11-May-16,5.983
12-May-16,7
13-May-16,6.671
14-May-16,10.331
15-May-16,8.655
16-May-16,4.133
17-May-16,4.002
18-May-16,6.395
19-May-16,6.506
20-May-16,7.79
21-May-16,9.634
22-May-16,10.321
23-May-16,8.5
24-May-16,10.556
25-May-16,11.494
26-May-16,11.5
27-May-16,11.391
28-May-16,11.034
29-May-16,11.494
30-May-16,10.291
31-May-16,13.826
1-Jun-16,12
2-Jun-16,9.3
3-Jun-16,11.495
4-Jun-16,12.863
5-Jun-16,12.648
6-Jun-16,12.875
7-Jun-16,12.416
8-Jun-16,12.014
9-Jun-16,10.362
10-Jun-16,9.686
11-Jun-16,8
12-Jun-16,10.5
13-Jun-16,10.192
14-Jun-16,12.439
15-Jun-16,12.489
16-Jun-16,11
17-Jun-16,9.5
18-Jun-16,10.5
19-Jun-16,10.5
20-Jun-16,13.461
21-Jun-16,14.5
22-Jun-16,12.461
23-Jun-16,11
24-Jun-16,11.837
25-Jun-16,10.5
26-Jun-16,11
27-Jun-16,13.045
28-Jun-16,16.785
29-Jun-16,17.294
30-Jun-16,15
1-Jul-16,14.805
2-Jul-16,14
3-Jul-16,11.5
4-Jul-16,14
5-Jul-16,15.5
6-Jul-16,16.318
7-Jul-16,15.5
8-Jul-16,15
9-Jul-16,13.542
10-Jul-16,12.99
11-Jul-16,13.569
12-Jul-16,14.506
13-Jul-16,16.026
14-Jul-16,18.606
15-Jul-16,20
16-Jul-16,19.5
17-Jul-16,18
18-Jul-16,17.064
19-Jul-16,15.5
20-Jul-16,12.821
21-Jul-16,14.5
22-Jul-16,17.267
23-Jul-16,18.251
24-Jul-16,17
25-Jul-16,16
26-Jul-16,17.648
27-Jul-16,18.457
28-Jul-16,17.77
29-Jul-16,18.5
30-Jul-16,17
31-Jul-16,16.439
1-Aug-16,17.561
2-Aug-16,16
3-Aug-16,13.5
4-Aug-16,14.5
5-Aug-16,15.894
6-Aug-16,18.162
7-Aug-16,16
8-Aug-16,14.5
9-Aug-16,13
10-Aug-16,13.606
11-Aug-16,17.706
12-Aug-16,19.497
13-Aug-16,16.988
14-Aug-16,16.911
15-Aug-16,19.022
16-Aug-16,15.917
17-Aug-16,16.811
18-Aug-16,16.05
19-Aug-16,16.603
20-Aug-16,15
21-Aug-16,15.544
22-Aug-16,15
23-Aug-16,11.5
24-Aug-16,13.873
25-Aug-16,16.457
26-Aug-16,19.075
27-Aug-16,17
28-Aug-16,15
29-Aug-16,16.015
30-Aug-16,13.721
31-Aug-16,15.251
1-Sep-16,17.5
2-Sep-16,14.523
3-Sep-16,12
4-Sep-16,11.189
5-Sep-16,10.51
6-Sep-16,14.126
7-Sep-16,16.957
8-Sep-16,18.5
9-Sep-16,18
10-Sep-16,15.54
11-Sep-16,13.995
12-Sep-16,9
13-Sep-16,9.431
14-Sep-16,11.89
15-Sep-16,9
16-Sep-16,6.541
17-Sep-16,8.764
18-Sep-16,13.609
19-Sep-16,17.5
20-Sep-16,17.455
21-Sep-16,16
22-Sep-16,13.5
23-Sep-16,11.65
24-Sep-16,6.5
25-Sep-16,5.442
26-Sep-16,3.995
27-Sep-16,8.093
28-Sep-16,11.006
29-Sep-16,7.323
30-Sep-16,5.506
1-Oct-16,7.702
2-Oct-16,9.247
3-Oct-16,10.39
4-Oct-16,7.648
5-Oct-16,3.442
6-Oct-16,4.566
7-Oct-16,7.418
8-Oct-16,7.513
9-Oct-16,8.43
10-Oct-16,5.241
11-Oct-16,2.045
12-Oct-16,3.591
13-Oct-16,7.378
14-Oct-16,3.363
15-Oct-16,-0.87
16-Oct-16,0.602
17-Oct-16,7.307
18-Oct-16,9.565
19-Oct-16,10.539
20-Oct-16,5.5
21-Oct-16,9.29
22-Oct-16,9.525
23-Oct-16,4.303
24-Oct-16,3.476
25-Oct-16,2
26-Oct-16,0
27-Oct-16,-0.5
28-Oct-16,1.94
29-Oct-16,2.5
30-Oct-16,3.579
31-Oct-16,1.036
1-Nov-16,-3
2-Nov-16,1.298
3-Nov-16,5
4-Nov-16,0.83
5-Nov-16,-3
6-Nov-16,0.811
7-Nov-16,-1.523
8-Nov-16,-1.141
9-Nov-16,1.319
10-Nov-16,-1.895
11-Nov-16,0.183
12-Nov-16,-2
13-Nov-16,0.753
14-Nov-16,-0.482
15-Nov-16,2.801
16-Nov-16,6.682
17-Nov-16,5.533
18-Nov-16,2.96
19-Nov-16,3.365
20-Nov-16,2.004
21-Nov-16,-1.081
22-Nov-16,-2.911
23-Nov-16,-2.5
24-Nov-16,-3.164
25-Nov-16,-1.223
26-Nov-16,0.626
27-Nov-16,-0.015
28-Nov-16,-3
29-Nov-16,-4
30-Nov-16,0.221
1-Dec-16,2.604
2-Dec-16,0.356
3-Dec-16,0.5
4-Dec-16,-2.653
5-Dec-16,-6.664
6-Dec-16,-6.984
7-Dec-16,-4.841
8-Dec-16,-2.896
9-Dec-16,-4.5
10-Dec-16,-10.5
11-Dec-16,-12.854
12-Dec-16,-8.884
13-Dec-16,-6.761
14-Dec-16,-5.469
15-Dec-16,-12.5
16-Dec-16,-20.04
17-Dec-16,-18.792
18-Dec-16,-9.931
19-Dec-16,-13.009
20-Dec-16,-17.826
21-Dec-16,-10.984
22-Dec-16,-4.408
23-Dec-16,-4
24-Dec-16,-3
25-Dec-16,-5.162
26-Dec-16,-11.283
27-Dec-16,-5.022
28-Dec-16,-1.823
29-Dec-16,-6.239
30-Dec-16,-6.012
1-Jan-17,-6.674
2-Jan-17,-6.249
3-Jan-17,-4.145
4-Jan-17,-0.795
5-Jan-17,-3.983
6-Jan-17,-6.931
7-Jan-17,-11.781
8-Jan-17,-13.838
9-Jan-17,-18.005
10-Jan-17,-17.093
11-Jan-17,-6.035
12-Jan-17,2.924
13-Jan-17,-2.214
14-Jan-17,-13.084
15-Jan-17,-11.795
16-Jan-17,-11.024
17-Jan-17,-7.926
18-Jan-17,-5.387
19-Jan-17,-4.271
20-Jan-17,-3.593
21-Jan-17,-0.868
22-Jan-17,0
23-Jan-17,-1.497
24-Jan-17,-1.947
25-Jan-17,-2.061
26-Jan-17,-1.955
27-Jan-17,0.23
28-Jan-17,-1.507
29-Jan-17,-3
30-Jan-17,-6.678
31-Jan-17,-11.443
1-Feb-17,-9.839
2-Feb-17,-9.101
3-Feb-17,-9.939
4-Feb-17,-9.957
5-Feb-17,-7.521
6-Feb-17,-6.295
7-Feb-17,-9.124
8-Feb-17,-9.859
9-Feb-17,-9.586
10-Feb-17,-15.712
11-Feb-17,-15.805
12-Feb-17,-12.043
13-Feb-17,-9
14-Feb-17,-10.815
15-Feb-17,-10.329
16-Feb-17,-7.223
17-Feb-17,-7.502
18-Feb-17,-8.045
19-Feb-17,-2.65
20-Feb-17,-1.951
21-Feb-17,-7.504
22-Feb-17,-3.789
23-Feb-17,-2.338
24-Feb-17,1.038
25-Feb-17,2.417
26-Feb-17,-0.995
27-Feb-17,-5.445
28-Feb-17,-1.781
1-Mar-17,1.532
2-Mar-17,-1.334
3-Mar-17,-8.646
4-Mar-17,-14.359
5-Mar-17,-14.234
6-Mar-17,-14.088
7-Mar-17,-8.459
8-Mar-17,0.118
9-Mar-17,-0.995
10-Mar-17,-6.023
11-Mar-17,-16.01
12-Mar-17,-16.804
13-Mar-17,-14.653
14-Mar-17,-10.06
15-Mar-17,-6.684
16-Mar-17,-9.012
17-Mar-17,-11.845
18-Mar-17,-11.204
19-Mar-17,-8.076
20-Mar-17,-2.949
21-Mar-17,-1.8
22-Mar-17,-6.094
23-Mar-17,-10.825
24-Mar-17,-8.868
25-Mar-17,-3.815
26-Mar-17,-5.468
27-Mar-17,-2.927
28-Mar-17,-0.091
29-Mar-17,0.307
30-Mar-17,-0.964
31-Mar-17,-2.051
1-Apr-17,-1.507
2-Apr-17,-0.839
3-Apr-17,-2.151
4-Apr-17,-1.368
5-Apr-17,0.807
6-Apr-17,1.419
7-Apr-17,2.554
8-Apr-17,2.133
9-Apr-17,-0.5
10-Apr-17,1.506
11-Apr-17,5.799
12-Apr-17,7.43
13-Apr-17,2.5
14-Apr-17,0.53
15-Apr-17,0
16-Apr-17,5.464
17-Apr-17,8.118
18-Apr-17,2
19-Apr-17,-1.242
20-Apr-17,2.535
21-Apr-17,3.99
22-Apr-17,2.598
23-Apr-17,1.5
24-Apr-17,2.606
25-Apr-17,3.236
26-Apr-17,5.377
27-Apr-17,8.017
28-Apr-17,8.917
29-Apr-17,8.983
30-Apr-17,4.464
1-May-17,5.261
2-May-17,5.289
3-May-17,4.986
4-May-17,2.072
5-May-17,5.067
6-May-17,7.254
7-May-17,8.622
8-May-17,5.942
9-May-17,0.982
10-May-17,4.046
11-May-17,6
12-May-17,6.993
13-May-17,4
14-May-17,6.258
15-May-17,6.548
16-May-17,5.448
17-May-17,9.643
18-May-17,14.374
19-May-17,14.006
20-May-17,8
21-May-17,4.748
22-May-17,7.805
23-May-17,8.951
24-May-17,8.964
25-May-17,8.5
26-May-17,8.837
27-May-17,8.911
28-May-17,6.5
29-May-17,7.5
30-May-17,8
31-May-17,9.583
1-Jun-17,10.5
2-Jun-17,7.5
3-Jun-17,7.5
4-Jun-17,7.856
5-Jun-17,10
6-Jun-17,8.765
7-Jun-17,8.488
8-Jun-17,9
9-Jun-17,10
10-Jun-17,11.5
11-Jun-17,13.916
12-Jun-17,17.569
13-Jun-17,17.986
14-Jun-17,12
15-Jun-17,9.618
16-Jun-17,11.567
17-Jun-17,13
18-Jun-17,14.523
19-Jun-17,17.066
20-Jun-17,17.28
21-Jun-17,14.99
22-Jun-17,13
23-Jun-17,14.023
24-Jun-17,16.439
25-Jun-17,15.581
26-Jun-17,13.922
27-Jun-17,12.098
28-Jun-17,11
29-Jun-17,11.632
30-Jun-17,14.618
1-Jul-17,16.091
2-Jul-17,17
3-Jul-17,17.12
4-Jul-17,14.531
5-Jul-17,12.777
6-Jul-17,13.955
7-Jul-17,14.567
8-Jul-17,13.5
9-Jul-17,15.106
10-Jul-17,15.523
11-Jul-17,16.765
12-Jul-17,17
13-Jul-17,14.588
14-Jul-17,12.292
15-Jul-17,14.091
16-Jul-17,14.5
17-Jul-17,16.023
18-Jul-17,17.5
19-Jul-17,18.5
20-Jul-17,19
21-Jul-17,18.006
22-Jul-17,17.899
23-Jul-17,14.843
24-Jul-17,13.034
25-Jul-17,12.5
26-Jul-17,12.126
27-Jul-17,15.052
28-Jul-17,15.006
29-Jul-17,13.105
30-Jul-17,11.5
31-Jul-17,12.685
1-Aug-17,15.919
2-Aug-17,15.205
3-Aug-17,16.961
4-Aug-17,16.735
5-Aug-17,17.662
6-Aug-17,14.5
7-Aug-17,12.162
8-Aug-17,13.956
9-Aug-17,13.063
10-Aug-17,14.276
11-Aug-17,16.258
12-Aug-17,17
13-Aug-17,16.929
14-Aug-17,13.995
15-Aug-17,14.581
16-Aug-17,14.988
17-Aug-17,11.356
18-Aug-17,13.058
19-Aug-17,15.027
20-Aug-17,15.655
21-Aug-17,15.105
22-Aug-17,16.038
23-Aug-17,16
24-Aug-17,12.523
25-Aug-17,12.5
26-Aug-17,10.194
27-Aug-17,10.494
28-Aug-17,9.655
29-Aug-17,9.092
30-Aug-17,10.715
31-Aug-17,10.21
1-Sep-17,8.186
2-Sep-17,7.493
3-Sep-17,9.537
4-Sep-17,11.55
5-Sep-17,14.812
6-Sep-17,15.5
7-Sep-17,14.016
8-Sep-17,10.5
9-Sep-17,10.21
10-Sep-17,10.542
11-Sep-17,10.454
12-Sep-17,11.407
13-Sep-17,12.327
14-Sep-17,13.248
15-Sep-17,15.877
16-Sep-17,16.036
17-Sep-17,14
18-Sep-17,14.956
19-Sep-17,15
20-Sep-17,16.558
21-Sep-17,16.633
22-Sep-17,12.23
23-Sep-17,12.392
24-Sep-17,14.849
25-Sep-17,16.516
26-Sep-17,16
27-Sep-17,15.5
28-Sep-17,13.418
29-Sep-17,6.5
30-Sep-17,6
1-Oct-17,3.563
2-Oct-17,5.32
3-Oct-17,4.023
4-Oct-17,6.115
5-Oct-17,10.593
6-Oct-17,9.537
7-Oct-17,8.666
8-Oct-17,13.151
9-Oct-17,14.961
10-Oct-17,14.525
11-Oct-17,10.175
12-Oct-17,3.604
13-Oct-17,1.725
14-Oct-17,6.385
15-Oct-17,11.5
16-Oct-17,10.021
17-Oct-17,0.726
18-Oct-17,2.693
19-Oct-17,5.34
20-Oct-17,8.276
21-Oct-17,7
22-Oct-17,7.146
23-Oct-17,9.148
24-Oct-17,11.2
25-Oct-17,14.023
26-Oct-17,11.923
27-Oct-17,6
28-Oct-17,2.895
29-Oct-17,7.459
30-Oct-17,10.5
31-Oct-17,5.848
1-Nov-17,1.789
2-Nov-17,4.932
3-Nov-17,9.705
4-Nov-17,2.97
5-Nov-17,3.092
6-Nov-17,6.099
7-Nov-17,1.006
8-Nov-17,-1.988
9-Nov-17,-4.5
10-Nov-17,-5.256
11-Nov-17,-7.454
12-Nov-17,-6.021
13-Nov-17,-4.919
14-Nov-17,-1.845
15-Nov-17,-2.5
16-Nov-17,-2.707
17-Nov-17,-1.949
18-Nov-17,-5.421
19-Nov-17,-2.786
20-Nov-17,-3
21-Nov-17,-5.45
22-Nov-17,-1.207
23-Nov-17,-2.496
24-Nov-17,-3.5
25-Nov-17,-0.65
26-Nov-17,0.051
27-Nov-17,-4.352
28-Nov-17,-9.22
29-Nov-17,-5.411
30-Nov-17,-5
1-Dec-17,-2.211
2-Dec-17,-2.5
3-Dec-17,-3.382
4-Dec-17,-4.345
5-Dec-17,-4.247
6-Dec-17,0.083
7-Dec-17,-2.974
8-Dec-17,-2.606
9-Dec-17,-2.181
10-Dec-17,-3.489
11-Dec-17,-3.894
12-Dec-17,-7.83
13-Dec-17,-8.853
14-Dec-17,-11.081
15-Dec-17,-14.845
16-Dec-17,-12.92
17-Dec-17,-13.225
18-Dec-17,-13.941
19-Dec-17,-9.445
20-Dec-17,-6.142
21-Dec-17,-9.824
22-Dec-17,-11.511
23-Dec-17,-9.769
24-Dec-17,-7.288
25-Dec-17,-10.013
26-Dec-17,-12.988
27-Dec-17,-18.725
28-Dec-17,-22.247
29-Dec-17,-23.751
30-Dec-17,-23.482
