system:time_start,ppt
1-Jan-08,2.536
2-Jan-08,18.072
3-Jan-08,0
4-Jan-08,0
5-Jan-08,0
6-Jan-08,0
7-Jan-08,0
8-Jan-08,0
9-Jan-08,0
10-Jan-08,1.722
11-Jan-08,1.543
12-Jan-08,14.083
13-Jan-08,0
14-Jan-08,1.147
15-Jan-08,18.943
16-Jan-08,0
17-Jan-08,0
18-Jan-08,5.553
19-Jan-08,8.595
20-Jan-08,0
21-Jan-08,0
22-Jan-08,0
23-Jan-08,0
24-Jan-08,0
25-Jan-08,0
26-Jan-08,0
27-Jan-08,1.325
28-Jan-08,0.765
29-Jan-08,0
30-Jan-08,2.628
31-Jan-08,3.712
1-Feb-08,0
2-Feb-08,25.329
3-Feb-08,0.022
4-Feb-08,0
5-Feb-08,9.746
6-Feb-08,4.259
7-Feb-08,23.497
8-Feb-08,5.166
9-Feb-08,0.64
10-Feb-08,9.941
11-Feb-08,4.533
12-Feb-08,0
13-Feb-08,15.959
14-Feb-08,42.347
15-Feb-08,2.107
16-Feb-08,0.026
17-Feb-08,0
18-Feb-08,19.881
19-Feb-08,7.584
20-Feb-08,0
21-Feb-08,0
22-Feb-08,0
23-Feb-08,5.019
24-Feb-08,0
25-Feb-08,0
26-Feb-08,0
27-Feb-08,29.84
28-Feb-08,2.011
29-Feb-08,0
1-Mar-08,5.859
2-Mar-08,11.788
3-Mar-08,0.006
4-Mar-08,0
5-Mar-08,8.948
6-Mar-08,6.768
7-Mar-08,0
8-Mar-08,10.874
9-Mar-08,33.487
10-Mar-08,0
11-Mar-08,0
12-Mar-08,0
13-Mar-08,0.001
14-Mar-08,0
15-Mar-08,3.56
16-Mar-08,1.957
17-Mar-08,0
18-Mar-08,0
19-Mar-08,0.607
20-Mar-08,23.256
21-Mar-08,0.725
22-Mar-08,0
23-Mar-08,0
24-Mar-08,0
25-Mar-08,0
26-Mar-08,1.364
27-Mar-08,0
28-Mar-08,4.198
29-Mar-08,6.58
30-Mar-08,0
31-Mar-08,0
1-Apr-08,5.844
2-Apr-08,3.184
3-Apr-08,0
4-Apr-08,0
5-Apr-08,14.543
6-Apr-08,0
7-Apr-08,0
8-Apr-08,0
9-Apr-08,0
10-Apr-08,0
11-Apr-08,0
12-Apr-08,11.707
13-Apr-08,1.301
14-Apr-08,0
15-Apr-08,0
16-Apr-08,0
17-Apr-08,0
18-Apr-08,0
19-Apr-08,0
20-Apr-08,0
21-Apr-08,0
22-Apr-08,0
23-Apr-08,0
24-Apr-08,0.408
25-Apr-08,0
26-Apr-08,0
27-Apr-08,0.066
28-Apr-08,0.81
29-Apr-08,61.111
30-Apr-08,22.235
1-May-08,0
2-May-08,0
3-May-08,0
4-May-08,8.55
5-May-08,7.578
6-May-08,0
7-May-08,0.021
8-May-08,0.5
9-May-08,0
10-May-08,0
11-May-08,0
12-May-08,0
13-May-08,0
14-May-08,0
15-May-08,0
16-May-08,0
17-May-08,0.374
18-May-08,0.038
19-May-08,0
20-May-08,0
21-May-08,0.507
22-May-08,2.63
23-May-08,0.643
24-May-08,0.612
25-May-08,0
26-May-08,0
27-May-08,0.179
28-May-08,0
29-May-08,0
30-May-08,0
31-May-08,0.929
1-Jun-08,4.317
2-Jun-08,0
3-Jun-08,0
4-Jun-08,3.472
5-Jun-08,6.655
6-Jun-08,2.427
7-Jun-08,4.523
8-Jun-08,0
9-Jun-08,0
10-Jun-08,0
11-Jun-08,10.945
12-Jun-08,0
13-Jun-08,0
14-Jun-08,0
15-Jun-08,17.031
16-Jun-08,4.564
17-Jun-08,2.462
18-Jun-08,4.131
19-Jun-08,0.666
20-Jun-08,0.412
21-Jun-08,7.367
22-Jun-08,6.412
23-Jun-08,22.315
24-Jun-08,2.746
25-Jun-08,5.577
26-Jun-08,0
27-Jun-08,0.482
28-Jun-08,1.121
29-Jun-08,16.389
30-Jun-08,32.274
1-Jul-08,0.051
2-Jul-08,0
3-Jul-08,0
4-Jul-08,0
5-Jul-08,0
6-Jul-08,0
7-Jul-08,0
8-Jul-08,0
9-Jul-08,0
10-Jul-08,12.973
11-Jul-08,0
12-Jul-08,0
13-Jul-08,0
14-Jul-08,0.312
15-Jul-08,1.205
16-Jul-08,0
17-Jul-08,0
18-Jul-08,0
19-Jul-08,17.549
20-Jul-08,0.224
21-Jul-08,12.933
22-Jul-08,7.544
23-Jul-08,0
24-Jul-08,20.322
25-Jul-08,50.908
26-Jul-08,0
27-Jul-08,0.168
28-Jul-08,0.664
29-Jul-08,0.001
30-Jul-08,0
31-Jul-08,0
1-Aug-08,9.359
2-Aug-08,3.072
3-Aug-08,13.97
4-Aug-08,27.102
5-Aug-08,3.091
6-Aug-08,1.203
7-Aug-08,39.508
8-Aug-08,18.004
9-Aug-08,6.349
10-Aug-08,1.458
11-Aug-08,3.865
12-Aug-08,1.004
13-Aug-08,2.48
14-Aug-08,0
15-Aug-08,2.212
16-Aug-08,0.183
17-Aug-08,5.238
18-Aug-08,0
19-Aug-08,1.075
20-Aug-08,5.067
21-Aug-08,0
22-Aug-08,0
23-Aug-08,0
24-Aug-08,0
25-Aug-08,0
26-Aug-08,0
27-Aug-08,0
28-Aug-08,0
29-Aug-08,0
30-Aug-08,0
31-Aug-08,0
1-Sep-08,0
2-Sep-08,0
3-Sep-08,0
4-Sep-08,0
5-Sep-08,0
6-Sep-08,0
7-Sep-08,104.698
8-Sep-08,0
9-Sep-08,0
10-Sep-08,23.585
11-Sep-08,0
12-Sep-08,0
13-Sep-08,2.552
14-Sep-08,0.9
15-Sep-08,4.624
16-Sep-08,0
17-Sep-08,0
18-Sep-08,0
19-Sep-08,0
20-Sep-08,0
21-Sep-08,0
22-Sep-08,0.204
23-Sep-08,0
24-Sep-08,0
25-Sep-08,0
26-Sep-08,0
27-Sep-08,68.251
28-Sep-08,31.049
29-Sep-08,8.979
1-Oct-08,4.478
2-Oct-08,2.602
3-Oct-08,0.472
4-Oct-08,1.828
5-Oct-08,0
6-Oct-08,0
7-Oct-08,0
8-Oct-08,0
9-Oct-08,1.537
10-Oct-08,0
11-Oct-08,0
12-Oct-08,0
13-Oct-08,0
14-Oct-08,0
15-Oct-08,0
16-Oct-08,0.265
17-Oct-08,3.691
18-Oct-08,0
19-Oct-08,0
20-Oct-08,0
21-Oct-08,0
22-Oct-08,9.511
23-Oct-08,0.669
24-Oct-08,0
25-Oct-08,0
26-Oct-08,39.169
27-Oct-08,0.437
28-Oct-08,0.111
29-Oct-08,8.869
30-Oct-08,0
31-Oct-08,0
1-Nov-08,0
2-Nov-08,0
3-Nov-08,0
4-Nov-08,0
5-Nov-08,0
6-Nov-08,0
7-Nov-08,10.165
8-Nov-08,0.806
9-Nov-08,8.542
10-Nov-08,0.25
11-Nov-08,0.267
12-Nov-08,0
13-Nov-08,0
14-Nov-08,13.259
15-Nov-08,10.686
16-Nov-08,16.705
17-Nov-08,1.619
18-Nov-08,0
19-Nov-08,0
20-Nov-08,0
21-Nov-08,0
22-Nov-08,0
23-Nov-08,0
24-Nov-08,0
25-Nov-08,11.097
26-Nov-08,76.436
27-Nov-08,0
28-Nov-08,0
29-Nov-08,3.472
30-Nov-08,0
1-Dec-08,17.842
2-Dec-08,1.042
3-Dec-08,0
4-Dec-08,0
5-Dec-08,0
6-Dec-08,0
7-Dec-08,0
8-Dec-08,0
9-Dec-08,0
10-Dec-08,4.568
11-Dec-08,4.126
12-Dec-08,43.953
13-Dec-08,11.664
14-Dec-08,0
15-Dec-08,0
16-Dec-08,0.832
17-Dec-08,4.809
18-Dec-08,4.312
19-Dec-08,0
20-Dec-08,8.53
21-Dec-08,0.038
22-Dec-08,24.046
23-Dec-08,0
24-Dec-08,0
25-Dec-08,6.801
26-Dec-08,0
27-Dec-08,0
28-Dec-08,1.529
29-Dec-08,0
30-Dec-08,0.019
31-Dec-08,0
1-Jan-09,0.424
2-Jan-09,0
3-Jan-09,0
4-Jan-09,0
5-Jan-09,0.672
6-Jan-09,0
7-Jan-09,3.19
8-Jan-09,11.415
9-Jan-09,0.08
10-Jan-09,0
11-Jan-09,4.844
12-Jan-09,4.25
13-Jan-09,0
14-Jan-09,0.11
15-Jan-09,0
16-Jan-09,0
17-Jan-09,0
18-Jan-09,2.31
19-Jan-09,16.755
20-Jan-09,0
21-Jan-09,0
22-Jan-09,0
23-Jan-09,0
24-Jan-09,0
25-Jan-09,0
26-Jan-09,0
27-Jan-09,0
28-Jan-09,0
29-Jan-09,30.434
30-Jan-09,0
31-Jan-09,0
1-Feb-09,0
2-Feb-09,0
3-Feb-09,0
4-Feb-09,0
5-Feb-09,0
6-Feb-09,0
7-Feb-09,0
8-Feb-09,0
9-Feb-09,0
10-Feb-09,0
11-Feb-09,0
12-Feb-09,11.996
13-Feb-09,2.372
14-Feb-09,0
15-Feb-09,0
16-Feb-09,0
17-Feb-09,0
18-Feb-09,0
19-Feb-09,12.003
20-Feb-09,9.084
21-Feb-09,0
22-Feb-09,0
23-Feb-09,37.353
24-Feb-09,0
25-Feb-09,0
26-Feb-09,0
27-Feb-09,0
28-Feb-09,7.076
1-Mar-09,0
2-Mar-09,10.44
3-Mar-09,6.762
4-Mar-09,0
5-Mar-09,0
6-Mar-09,0.123
7-Mar-09,0.004
8-Mar-09,11.432
9-Mar-09,0.009
10-Mar-09,3.991
11-Mar-09,5.546
12-Mar-09,11.168
13-Mar-09,0
14-Mar-09,0
15-Mar-09,0
16-Mar-09,0
17-Mar-09,0
18-Mar-09,0
19-Mar-09,0.563
20-Mar-09,0
21-Mar-09,0
22-Mar-09,0
23-Mar-09,0
24-Mar-09,0
25-Mar-09,0
26-Mar-09,0
27-Mar-09,5.817
28-Mar-09,0
29-Mar-09,1.345
30-Mar-09,15.23
31-Mar-09,1.986
1-Apr-09,0
2-Apr-09,4.767
3-Apr-09,0.403
4-Apr-09,18.554
5-Apr-09,0
6-Apr-09,0
7-Apr-09,34.381
8-Apr-09,0
9-Apr-09,0
10-Apr-09,0
11-Apr-09,0.651
12-Apr-09,0
13-Apr-09,0
14-Apr-09,0
15-Apr-09,0
16-Apr-09,0
17-Apr-09,0
18-Apr-09,0
19-Apr-09,0
20-Apr-09,0
21-Apr-09,12.825
22-Apr-09,28.467
23-Apr-09,17.488
24-Apr-09,0
25-Apr-09,0
26-Apr-09,0
27-Apr-09,0.869
28-Apr-09,0
29-Apr-09,0
30-Apr-09,0
1-May-09,2.692
2-May-09,1.871
3-May-09,0
4-May-09,0
5-May-09,0
6-May-09,5.745
7-May-09,17.412
8-May-09,9.384
9-May-09,1.252
10-May-09,11.357
11-May-09,1.18
12-May-09,0
13-May-09,0
14-May-09,0
15-May-09,4.953
16-May-09,0
17-May-09,6.648
18-May-09,0.419
19-May-09,0
20-May-09,0.151
21-May-09,0
22-May-09,0
23-May-09,0
24-May-09,0
25-May-09,1.602
26-May-09,0
27-May-09,0.328
28-May-09,25.811
29-May-09,14.222
30-May-09,8.652
31-May-09,0.454
1-Jun-09,2.182
2-Jun-09,0
3-Jun-09,0
4-Jun-09,0
5-Jun-09,0
6-Jun-09,0
7-Jun-09,0
8-Jun-09,0.437
9-Jun-09,0.804
10-Jun-09,9.959
11-Jun-09,0.419
12-Jun-09,37.206
13-Jun-09,3.785
14-Jun-09,13.586
15-Jun-09,24.521
16-Jun-09,0.694
17-Jun-09,0
18-Jun-09,0
19-Jun-09,34.328
20-Jun-09,23.12
21-Jun-09,2.682
22-Jun-09,3.292
23-Jun-09,1.962
24-Jun-09,5.346
25-Jun-09,2.237
26-Jun-09,0
27-Jun-09,2.335
28-Jun-09,0.096
29-Jun-09,22.006
1-Jul-09,0.891
2-Jul-09,1.726
3-Jul-09,32.234
4-Jul-09,1.619
5-Jul-09,7.245
6-Jul-09,0
7-Jul-09,0.822
8-Jul-09,38.963
9-Jul-09,7.965
10-Jul-09,0
11-Jul-09,0
12-Jul-09,1.101
13-Jul-09,0
14-Jul-09,0.256
15-Jul-09,0
16-Jul-09,0
17-Jul-09,0.37
18-Jul-09,14.47
19-Jul-09,0.433
20-Jul-09,0
21-Jul-09,0
22-Jul-09,14.743
23-Jul-09,0
24-Jul-09,35.597
25-Jul-09,28.582
26-Jul-09,1.466
27-Jul-09,19.415
28-Jul-09,2.154
29-Jul-09,0
30-Jul-09,36.467
31-Jul-09,0.548
1-Aug-09,15.474
2-Aug-09,0
3-Aug-09,0.978
4-Aug-09,0
5-Aug-09,0
6-Aug-09,0.376
7-Aug-09,0
8-Aug-09,0
9-Aug-09,0
10-Aug-09,0
11-Aug-09,2.73
12-Aug-09,13.591
13-Aug-09,0.008
14-Aug-09,0
15-Aug-09,0
16-Aug-09,0
17-Aug-09,0
18-Aug-09,0
19-Aug-09,0
20-Aug-09,0
21-Aug-09,0
22-Aug-09,40.222
23-Aug-09,2.222
24-Aug-09,19.032
25-Aug-09,2.436
26-Aug-09,0
27-Aug-09,0
28-Aug-09,0
29-Aug-09,27.936
30-Aug-09,16.341
31-Aug-09,0.636
1-Sep-09,0
2-Sep-09,0
3-Sep-09,0
4-Sep-09,0
5-Sep-09,0
6-Sep-09,0
7-Sep-09,0
8-Sep-09,0
9-Sep-09,0
10-Sep-09,0
11-Sep-09,0
12-Sep-09,0
13-Sep-09,0.894
14-Sep-09,0
15-Sep-09,0.001
16-Sep-09,0
17-Sep-09,0
18-Sep-09,0
19-Sep-09,0
20-Sep-09,0
21-Sep-09,0
22-Sep-09,0
23-Sep-09,0
24-Sep-09,0.894
25-Sep-09,0
26-Sep-09,0
27-Sep-09,1.682
28-Sep-09,20.687
29-Sep-09,8.837
30-Sep-09,0.49
1-Oct-09,2.278
2-Oct-09,0
3-Oct-09,7.486
4-Oct-09,37.355
5-Oct-09,0
6-Oct-09,0.496
7-Oct-09,16.422
8-Oct-09,13.813
9-Oct-09,0
10-Oct-09,2.538
11-Oct-09,0
12-Oct-09,0
13-Oct-09,5.703
14-Oct-09,2.198
15-Oct-09,0
16-Oct-09,0
17-Oct-09,0
18-Oct-09,0
19-Oct-09,5.658
20-Oct-09,0
21-Oct-09,0
22-Oct-09,2.319
23-Oct-09,0.014
24-Oct-09,7.34
25-Oct-09,51.58
26-Oct-09,0
27-Oct-09,0
28-Oct-09,0
29-Oct-09,0.866
30-Oct-09,0
31-Oct-09,0.878
1-Nov-09,3.998
2-Nov-09,0
3-Nov-09,0
4-Nov-09,0
5-Nov-09,0.023
6-Nov-09,1.589
7-Nov-09,0
8-Nov-09,0
9-Nov-09,0
10-Nov-09,0
11-Nov-09,0
12-Nov-09,0
13-Nov-09,0
14-Nov-09,0
15-Nov-09,65.905
16-Nov-09,0.018
17-Nov-09,0
18-Nov-09,0
19-Nov-09,0
20-Nov-09,15.011
21-Nov-09,10.752
22-Nov-09,0
23-Nov-09,0
24-Nov-09,0
25-Nov-09,0
26-Nov-09,2.049
27-Nov-09,3.363
28-Nov-09,50.253
29-Nov-09,0
30-Nov-09,0.413
1-Dec-09,0.868
2-Dec-09,0
3-Dec-09,29.333
4-Dec-09,8.489
5-Dec-09,0
6-Dec-09,9.534
7-Dec-09,0
8-Dec-09,0.189
9-Dec-09,3.379
10-Dec-09,27.695
11-Dec-09,0
12-Dec-09,0
13-Dec-09,0
14-Dec-09,15.785
15-Dec-09,1.747
16-Dec-09,0
17-Dec-09,0
18-Dec-09,0
19-Dec-09,0
20-Dec-09,0
21-Dec-09,0
22-Dec-09,0
23-Dec-09,0
24-Dec-09,0
25-Dec-09,0
26-Dec-09,0
27-Dec-09,18.448
28-Dec-09,28.117
29-Dec-09,6.709
30-Dec-09,0
31-Dec-09,0
1-Jan-10,2.868
2-Jan-10,5.12
3-Jan-10,7.148
4-Jan-10,5.128
5-Jan-10,0
6-Jan-10,0
7-Jan-10,0
8-Jan-10,0
9-Jan-10,0.048
10-Jan-10,0
11-Jan-10,0
12-Jan-10,0
13-Jan-10,0
14-Jan-10,0
15-Jan-10,0
16-Jan-10,0
17-Jan-10,0
18-Jan-10,15.883
19-Jan-10,4.286
20-Jan-10,5.673
21-Jan-10,0.366
22-Jan-10,0
23-Jan-10,0
24-Jan-10,0
25-Jan-10,6.979
26-Jan-10,28.449
27-Jan-10,0.286
28-Jan-10,0
29-Jan-10,2.233
30-Jan-10,0
31-Jan-10,0
1-Feb-10,0
2-Feb-10,0
3-Feb-10,0
4-Feb-10,0.002
5-Feb-10,0
6-Feb-10,0
7-Feb-10,0
8-Feb-10,0
9-Feb-10,0
10-Feb-10,0
11-Feb-10,0
12-Feb-10,0
13-Feb-10,0
14-Feb-10,0
15-Feb-10,0
16-Feb-10,0
17-Feb-10,4.761
18-Feb-10,0
19-Feb-10,0
20-Feb-10,0
21-Feb-10,0
22-Feb-10,0
23-Feb-10,0
24-Feb-10,0.043
25-Feb-10,47.835
26-Feb-10,92.115
27-Feb-10,4.509
28-Feb-10,7.004
1-Mar-10,4.169
2-Mar-10,0
3-Mar-10,0
4-Mar-10,0
5-Mar-10,0.002
6-Mar-10,0
7-Mar-10,0
8-Mar-10,0
9-Mar-10,0
10-Mar-10,0
11-Mar-10,0
12-Mar-10,1.07
13-Mar-10,0
14-Mar-10,14.677
15-Mar-10,44.678
16-Mar-10,2.156
17-Mar-10,0
18-Mar-10,0
19-Mar-10,0
20-Mar-10,0
21-Mar-10,0
22-Mar-10,0
23-Mar-10,32.106
24-Mar-10,46.453
25-Mar-10,3.513
26-Mar-10,3.374
27-Mar-10,0
28-Mar-10,0
29-Mar-10,14.957
30-Mar-10,26.589
1-Apr-10,0.125
2-Apr-10,0
3-Apr-10,0
4-Apr-10,0
5-Apr-10,0
6-Apr-10,0
7-Apr-10,6.208
8-Apr-10,2.467
9-Apr-10,1.4
10-Apr-10,17.232
11-Apr-10,0
12-Apr-10,0
13-Apr-10,0
14-Apr-10,0
15-Apr-10,0
16-Apr-10,1.462
17-Apr-10,14.602
18-Apr-10,9.45
19-Apr-10,1.144
20-Apr-10,0
21-Apr-10,0
22-Apr-10,0
23-Apr-10,12.395
24-Apr-10,0.008
25-Apr-10,0
26-Apr-10,0
27-Apr-10,0
28-Apr-10,10.269
29-Apr-10,5.067
30-Apr-10,0
1-May-10,0
2-May-10,3.231
3-May-10,0
4-May-10,0
5-May-10,1.961
6-May-10,1.223
7-May-10,1.582
8-May-10,4.694
9-May-10,5.133
10-May-10,0
11-May-10,0
12-May-10,0
13-May-10,0
14-May-10,0
15-May-10,0
16-May-10,0
17-May-10,0
18-May-10,0
19-May-10,14.31
20-May-10,4.119
21-May-10,0
22-May-10,0
23-May-10,0
24-May-10,0
25-May-10,0
26-May-10,0
27-May-10,0
28-May-10,0
29-May-10,0
30-May-10,0
31-May-10,0
1-Jun-10,0
2-Jun-10,3.596
3-Jun-10,5.322
4-Jun-10,1.994
5-Jun-10,16.996
6-Jun-10,10.122
7-Jun-10,17.44
8-Jun-10,0
9-Jun-10,2.676
10-Jun-10,4.798
11-Jun-10,7.191
12-Jun-10,0
13-Jun-10,0.001
14-Jun-10,0
15-Jun-10,1.417
16-Jun-10,0
17-Jun-10,5.429
18-Jun-10,1.334
19-Jun-10,0
20-Jun-10,0
21-Jun-10,3.07
22-Jun-10,0
23-Jun-10,11.18
24-Jun-10,0.674
25-Jun-10,5.462
26-Jun-10,0
27-Jun-10,0
28-Jun-10,26.288
29-Jun-10,2.126
30-Jun-10,0
1-Jul-10,0
2-Jul-10,0.021
3-Jul-10,0
4-Jul-10,0
5-Jul-10,0
6-Jul-10,0
7-Jul-10,0
8-Jul-10,0
9-Jul-10,0
10-Jul-10,0
11-Jul-10,21.837
12-Jul-10,3.193
13-Jul-10,0.046
14-Jul-10,16.062
15-Jul-10,0.684
16-Jul-10,0
17-Jul-10,0.222
18-Jul-10,0.03
19-Jul-10,0
20-Jul-10,0.354
21-Jul-10,7.112
22-Jul-10,30.086
23-Jul-10,0
24-Jul-10,0
25-Jul-10,24.134
26-Jul-10,0
27-Jul-10,0
28-Jul-10,0
29-Jul-10,3.051
30-Jul-10,0
31-Jul-10,0
1-Aug-10,0
2-Aug-10,0
3-Aug-10,2.19
4-Aug-10,0.067
5-Aug-10,0
6-Aug-10,0.002
7-Aug-10,0
8-Aug-10,0
9-Aug-10,0.017
10-Aug-10,0.008
11-Aug-10,0
12-Aug-10,0
13-Aug-10,0
14-Aug-10,0
15-Aug-10,0
16-Aug-10,4.497
17-Aug-10,0.432
18-Aug-10,0
19-Aug-10,0
20-Aug-10,0
21-Aug-10,0
22-Aug-10,0
23-Aug-10,1.75
24-Aug-10,0.804
25-Aug-10,1.713
26-Aug-10,37.1
27-Aug-10,0.024
28-Aug-10,0
29-Aug-10,0
30-Aug-10,0
31-Aug-10,0
1-Sep-10,0
2-Sep-10,0
3-Sep-10,0
4-Sep-10,18.51
5-Sep-10,0
6-Sep-10,0
7-Sep-10,0
8-Sep-10,2.872
9-Sep-10,0.485
10-Sep-10,0.259
11-Sep-10,0
12-Sep-10,0
13-Sep-10,0
14-Sep-10,0.985
15-Sep-10,0
16-Sep-10,0
17-Sep-10,26.444
18-Sep-10,0.592
19-Sep-10,0
20-Sep-10,0
21-Sep-10,0
22-Sep-10,0
23-Sep-10,0
24-Sep-10,8.919
25-Sep-10,0
26-Sep-10,0
27-Sep-10,1.253
28-Sep-10,8.995
29-Sep-10,3.556
30-Sep-10,0
1-Oct-10,3.9
2-Oct-10,21.925
3-Oct-10,0
4-Oct-10,0
5-Oct-10,0
6-Oct-10,0.043
7-Oct-10,30.868
8-Oct-10,0
9-Oct-10,0
10-Oct-10,0
11-Oct-10,0
12-Oct-10,0
13-Oct-10,0
14-Oct-10,0
15-Oct-10,35.208
16-Oct-10,30.179
17-Oct-10,0
18-Oct-10,0
19-Oct-10,0
20-Oct-10,0
21-Oct-10,0
22-Oct-10,2.95
23-Oct-10,0
24-Oct-10,0
25-Oct-10,0.991
26-Oct-10,28.376
27-Oct-10,14.668
28-Oct-10,10.226
29-Oct-10,0
30-Oct-10,0.417
31-Oct-10,0
1-Nov-10,0
2-Nov-10,0
3-Nov-10,0
4-Nov-10,0
5-Nov-10,33.277
6-Nov-10,3.759
7-Nov-10,0
8-Nov-10,14.569
9-Nov-10,2.945
10-Nov-10,2.477
11-Nov-10,0
12-Nov-10,0
13-Nov-10,0
14-Nov-10,0
15-Nov-10,0
16-Nov-10,1.086
17-Nov-10,17.576
18-Nov-10,16.555
19-Nov-10,0
20-Nov-10,0
21-Nov-10,0
22-Nov-10,0
23-Nov-10,3.292
24-Nov-10,0.032
25-Nov-10,0
26-Nov-10,3.751
27-Nov-10,2.091
28-Nov-10,0.144
29-Nov-10,0
30-Nov-10,0
1-Dec-10,1.811
2-Dec-10,33.8
3-Dec-10,0
4-Dec-10,4.26
5-Dec-10,0
6-Dec-10,0
7-Dec-10,0.009
8-Dec-10,0
9-Dec-10,0
10-Dec-10,0
11-Dec-10,0.191
12-Dec-10,0
13-Dec-10,78.376
14-Dec-10,9.051
15-Dec-10,0
16-Dec-10,0
17-Dec-10,0
18-Dec-10,0
19-Dec-10,0
20-Dec-10,0
21-Dec-10,2.569
22-Dec-10,0
23-Dec-10,2.408
24-Dec-10,0.002
25-Dec-10,0
26-Dec-10,0
27-Dec-10,16.208
28-Dec-10,1.837
29-Dec-10,0
30-Dec-10,0
1-Jan-11,0
2-Jan-11,0.168
3-Jan-11,0.075
4-Jan-11,0
5-Jan-11,0
6-Jan-11,0
7-Jan-11,0
8-Jan-11,0
9-Jan-11,0.003
10-Jan-11,0
11-Jan-11,0
12-Jan-11,4.333
13-Jan-11,19.356
14-Jan-11,0
15-Jan-11,0
16-Jan-11,0.166
17-Jan-11,0
18-Jan-11,0
19-Jan-11,24.037
20-Jan-11,3.468
21-Jan-11,3.23
22-Jan-11,4.326
23-Jan-11,0
24-Jan-11,0
25-Jan-11,0.323
26-Jan-11,0
27-Jan-11,2.092
28-Jan-11,0
29-Jan-11,0
30-Jan-11,0.23
31-Jan-11,0
1-Feb-11,0
2-Feb-11,10.945
3-Feb-11,16.178
4-Feb-11,0
5-Feb-11,0
6-Feb-11,22.939
7-Feb-11,0
8-Feb-11,3.154
9-Feb-11,1.112
10-Feb-11,0
11-Feb-11,0
12-Feb-11,0
13-Feb-11,0
14-Feb-11,0
15-Feb-11,0
16-Feb-11,0
17-Feb-11,0
18-Feb-11,0
19-Feb-11,0
20-Feb-11,0
21-Feb-11,0.007
22-Feb-11,0.112
23-Feb-11,0
24-Feb-11,0
25-Feb-11,0.371
26-Feb-11,24.49
27-Feb-11,2.719
28-Feb-11,1.046
1-Mar-11,15.053
2-Mar-11,0
3-Mar-11,0.126
4-Mar-11,0
5-Mar-11,0
6-Mar-11,1.011
7-Mar-11,67.153
8-Mar-11,5.485
9-Mar-11,0
10-Mar-11,0.039
11-Mar-11,11.44
12-Mar-11,19.602
13-Mar-11,0
14-Mar-11,0.07
15-Mar-11,0
16-Mar-11,0
17-Mar-11,15.592
18-Mar-11,0
19-Mar-11,1.536
20-Mar-11,0.218
21-Mar-11,0
22-Mar-11,8.811
23-Mar-11,0
24-Mar-11,0
25-Mar-11,0.643
26-Mar-11,0
27-Mar-11,0
28-Mar-11,0
29-Mar-11,0
30-Mar-11,0
31-Mar-11,0
1-Apr-11,8.703
2-Apr-11,12.032
3-Apr-11,0
4-Apr-11,0
5-Apr-11,11.691
6-Apr-11,2.461
7-Apr-11,0
8-Apr-11,0
9-Apr-11,0
10-Apr-11,0
11-Apr-11,7.63
12-Apr-11,10.102
13-Apr-11,0.178
14-Apr-11,22.255
15-Apr-11,0
16-Apr-11,0
17-Apr-11,44.608
18-Apr-11,2.937
19-Apr-11,0.009
20-Apr-11,2.161
21-Apr-11,2.272
22-Apr-11,0
23-Apr-11,0
24-Apr-11,14.456
25-Apr-11,0
26-Apr-11,14.296
27-Apr-11,3.88
28-Apr-11,0.062
29-Apr-11,3.36
30-Apr-11,0.002
1-May-11,0
2-May-11,0
3-May-11,0
4-May-11,0.71
5-May-11,13.097
6-May-11,1.419
7-May-11,0
8-May-11,1.158
9-May-11,0
10-May-11,0
11-May-11,0.65
12-May-11,0
13-May-11,0
14-May-11,0
15-May-11,8.483
16-May-11,42.962
17-May-11,3.146
18-May-11,5.135
19-May-11,13.253
20-May-11,9.197
21-May-11,7.451
22-May-11,6.379
23-May-11,1.596
24-May-11,3.02
25-May-11,0.007
26-May-11,0
27-May-11,0
28-May-11,0.001
29-May-11,0
30-May-11,5.177
31-May-11,0
1-Jun-11,0
2-Jun-11,2.894
3-Jun-11,0
4-Jun-11,0
5-Jun-11,0
6-Jun-11,0
7-Jun-11,0
8-Jun-11,0
9-Jun-11,0.021
10-Jun-11,7.063
11-Jun-11,0
12-Jun-11,14.998
13-Jun-11,2.878
14-Jun-11,0.008
15-Jun-11,0.137
16-Jun-11,0
17-Jun-11,1.235
18-Jun-11,4.939
19-Jun-11,1.247
20-Jun-11,0
21-Jun-11,0
22-Jun-11,0
23-Jun-11,6.025
24-Jun-11,7.683
25-Jun-11,22.953
26-Jun-11,1.654
27-Jun-11,0
28-Jun-11,0
29-Jun-11,0.062
30-Jun-11,0
1-Jul-11,0
2-Jul-11,1.983
3-Jul-11,0
4-Jul-11,2.073
5-Jul-11,1.237
6-Jul-11,0
7-Jul-11,6.36
8-Jul-11,0
9-Jul-11,9.321
10-Jul-11,0
11-Jul-11,0
12-Jul-11,0
13-Jul-11,0
14-Jul-11,2.622
15-Jul-11,0.007
16-Jul-11,0
17-Jul-11,0
18-Jul-11,0
19-Jul-11,1.423
20-Jul-11,0
21-Jul-11,0
22-Jul-11,0
23-Jul-11,0.186
24-Jul-11,0
25-Jul-11,0
26-Jul-11,9.429
27-Jul-11,2.817
28-Jul-11,0
29-Jul-11,0
30-Jul-11,9.902
31-Jul-11,0
1-Aug-11,0
2-Aug-11,0.021
3-Aug-11,1.483
4-Aug-11,0
5-Aug-11,0.92
6-Aug-11,0
7-Aug-11,3.571
8-Aug-11,1.733
9-Aug-11,0.757
10-Aug-11,5.657
11-Aug-11,2.111
12-Aug-11,0
13-Aug-11,0
14-Aug-11,0
15-Aug-11,5.069
16-Aug-11,42.205
17-Aug-11,3.884
18-Aug-11,0
19-Aug-11,0
20-Aug-11,0.687
21-Aug-11,0
22-Aug-11,16.005
23-Aug-11,0
24-Aug-11,0
25-Aug-11,0
26-Aug-11,2.77
27-Aug-11,0
28-Aug-11,36.858
29-Aug-11,54.105
30-Aug-11,0
31-Aug-11,0
1-Sep-11,0
2-Sep-11,0
3-Sep-11,1.449
4-Sep-11,1.994
5-Sep-11,4.459
6-Sep-11,35.015
7-Sep-11,4.443
8-Sep-11,22.942
9-Sep-11,0.179
10-Sep-11,0
11-Sep-11,0
12-Sep-11,0
13-Sep-11,0
14-Sep-11,0
15-Sep-11,1.356
16-Sep-11,13.787
17-Sep-11,0
18-Sep-11,0
19-Sep-11,0
20-Sep-11,0.3
21-Sep-11,0.223
22-Sep-11,20.443
23-Sep-11,1.987
24-Sep-11,13.83
25-Sep-11,0.746
26-Sep-11,0
27-Sep-11,0
28-Sep-11,0
29-Sep-11,2.614
1-Oct-11,0
2-Oct-11,14.869
3-Oct-11,23.062
4-Oct-11,0.884
5-Oct-11,11.149
6-Oct-11,0.005
7-Oct-11,0
8-Oct-11,0
9-Oct-11,0
10-Oct-11,0
11-Oct-11,0
12-Oct-11,0
13-Oct-11,2.536
14-Oct-11,7.039
15-Oct-11,21.243
16-Oct-11,0.006
17-Oct-11,0.048
18-Oct-11,0
19-Oct-11,0
20-Oct-11,19.811
21-Oct-11,1.806
22-Oct-11,0
23-Oct-11,0.531
24-Oct-11,0
25-Oct-11,0.507
26-Oct-11,0
27-Oct-11,3.357
28-Oct-11,4.884
29-Oct-11,0
30-Oct-11,17.61
31-Oct-11,0.001
1-Nov-11,0
2-Nov-11,0
3-Nov-11,0
4-Nov-11,0
5-Nov-11,0
6-Nov-11,0
7-Nov-11,0
8-Nov-11,0
9-Nov-11,0
10-Nov-11,0.044
11-Nov-11,35.539
12-Nov-11,0.82
13-Nov-11,0
14-Nov-11,0
15-Nov-11,6.155
16-Nov-11,0
17-Nov-11,7.555
18-Nov-11,0.501
19-Nov-11,0
20-Nov-11,0
21-Nov-11,0
22-Nov-11,0
23-Nov-11,19.672
24-Nov-11,9.672
25-Nov-11,0
26-Nov-11,0
27-Nov-11,0
28-Nov-11,0
29-Nov-11,0
30-Nov-11,25.286
1-Dec-11,0
2-Dec-11,0
3-Dec-11,0
4-Dec-11,0
5-Dec-11,0
6-Dec-11,1.031
7-Dec-11,9.632
8-Dec-11,35.499
9-Dec-11,0
10-Dec-11,0
11-Dec-11,0
12-Dec-11,0
13-Dec-11,0
14-Dec-11,0
15-Dec-11,0.568
16-Dec-11,3.902
17-Dec-11,0.035
18-Dec-11,0.002
19-Dec-11,0
20-Dec-11,0
21-Dec-11,0
22-Dec-11,9.111
23-Dec-11,6
24-Dec-11,0.838
25-Dec-11,0
26-Dec-11,0.749
27-Dec-11,0
28-Dec-11,24.968
29-Dec-11,0
30-Dec-11,0
31-Dec-11,6.058
1-Jan-12,3.187
2-Jan-12,3.754
3-Jan-12,0
4-Jan-12,0
5-Jan-12,0
6-Jan-12,0.736
7-Jan-12,0.993
8-Jan-12,0
9-Jan-12,0
10-Jan-12,0
11-Jan-12,0
12-Jan-12,1.171
13-Jan-12,14.873
14-Jan-12,2.079
15-Jan-12,0
16-Jan-12,0
17-Jan-12,0.27
18-Jan-12,4.775
19-Jan-12,0
20-Jan-12,7.807
21-Jan-12,0
22-Jan-12,0.922
23-Jan-12,0
24-Jan-12,14.743
25-Jan-12,0
26-Jan-12,0
27-Jan-12,16.327
28-Jan-12,13.872
29-Jan-12,0
30-Jan-12,0
31-Jan-12,0.037
1-Feb-12,4.622
2-Feb-12,0
3-Feb-12,0
4-Feb-12,0
5-Feb-12,0.315
6-Feb-12,0
7-Feb-12,0
8-Feb-12,0
9-Feb-12,0
10-Feb-12,0
11-Feb-12,0
12-Feb-12,0.001
13-Feb-12,0
14-Feb-12,0
15-Feb-12,0
16-Feb-12,0
17-Feb-12,1.719
18-Feb-12,0
19-Feb-12,0
20-Feb-12,0
21-Feb-12,0
22-Feb-12,1.891
23-Feb-12,0.437
24-Feb-12,0.685
25-Feb-12,21.743
26-Feb-12,0
27-Feb-12,0
28-Feb-12,0
29-Feb-12,0
1-Mar-12,5.412
2-Mar-12,9.316
3-Mar-12,8.382
4-Mar-12,8.421
5-Mar-12,0.024
6-Mar-12,0
7-Mar-12,0
8-Mar-12,0
9-Mar-12,0.918
10-Mar-12,0.312
11-Mar-12,0
12-Mar-12,0
13-Mar-12,0
14-Mar-12,0
15-Mar-12,0.225
16-Mar-12,1.139
17-Mar-12,4.748
18-Mar-12,0
19-Mar-12,0
20-Mar-12,0
21-Mar-12,0
22-Mar-12,0
23-Mar-12,0
24-Mar-12,0
25-Mar-12,1.735
26-Mar-12,5.049
27-Mar-12,0
28-Mar-12,0.74
29-Mar-12,0.135
30-Mar-12,0
31-Mar-12,0
1-Apr-12,0
2-Apr-12,1.408
3-Apr-12,0
4-Apr-12,0
5-Apr-12,0
6-Apr-12,0
7-Apr-12,0
8-Apr-12,0
9-Apr-12,0.011
10-Apr-12,0
11-Apr-12,0
12-Apr-12,2.22
13-Apr-12,0.957
14-Apr-12,0
15-Apr-12,0
16-Apr-12,0
17-Apr-12,0
18-Apr-12,0
19-Apr-12,0
20-Apr-12,0
21-Apr-12,0
22-Apr-12,2.588
23-Apr-12,49.163
24-Apr-12,19.247
25-Apr-12,0.394
26-Apr-12,0
27-Apr-12,11.321
28-Apr-12,0.075
29-Apr-12,0
30-Apr-12,0
1-May-12,2.819
2-May-12,8.438
3-May-12,1.148
4-May-12,6.877
5-May-12,4.933
6-May-12,0
7-May-12,0
8-May-12,1.663
9-May-12,17.673
10-May-12,16.374
11-May-12,3.932
12-May-12,0
13-May-12,0
14-May-12,0.408
15-May-12,12.514
16-May-12,10.209
17-May-12,8.164
18-May-12,0
19-May-12,0
20-May-12,0
21-May-12,0
22-May-12,0.004
23-May-12,4.06
24-May-12,1.944
25-May-12,0.898
26-May-12,0.18
27-May-12,0
28-May-12,0
29-May-12,11.045
30-May-12,34.47
31-May-12,0.004
1-Jun-12,0
2-Jun-12,3.693
3-Jun-12,100.152
4-Jun-12,28.151
5-Jun-12,6.519
6-Jun-12,3.678
7-Jun-12,1.419
8-Jun-12,0.1
9-Jun-12,18.671
10-Jun-12,0
11-Jun-12,0
12-Jun-12,0
13-Jun-12,5.166
14-Jun-12,17.468
15-Jun-12,0
16-Jun-12,0
17-Jun-12,0
18-Jun-12,0
19-Jun-12,0
20-Jun-12,0
21-Jun-12,0
22-Jun-12,0
23-Jun-12,13.425
24-Jun-12,8.373
25-Jun-12,1.282
26-Jun-12,27.223
27-Jun-12,10.594
28-Jun-12,0.861
29-Jun-12,0.895
1-Jul-12,0
2-Jul-12,5.773
3-Jul-12,0.556
4-Jul-12,0
5-Jul-12,29.187
6-Jul-12,0
7-Jul-12,1.564
8-Jul-12,0
9-Jul-12,0
10-Jul-12,0
11-Jul-12,0
12-Jul-12,0
13-Jul-12,0
14-Jul-12,0
15-Jul-12,0
16-Jul-12,5.097
17-Jul-12,1.687
18-Jul-12,2.926
19-Jul-12,0
20-Jul-12,0
21-Jul-12,0
22-Jul-12,0
23-Jul-12,0
24-Jul-12,8.773
25-Jul-12,3.192
26-Jul-12,0
27-Jul-12,6.825
28-Jul-12,0.14
29-Jul-12,0.902
30-Jul-12,5.197
31-Jul-12,0.244
1-Aug-12,0.108
2-Aug-12,0.095
3-Aug-12,5.809
4-Aug-12,0
5-Aug-12,0
6-Aug-12,5.348
7-Aug-12,0
8-Aug-12,0
9-Aug-12,0
10-Aug-12,48.249
11-Aug-12,22.141
12-Aug-12,3.924
13-Aug-12,10.533
14-Aug-12,0.004
15-Aug-12,0.425
16-Aug-12,36.058
17-Aug-12,8.476
18-Aug-12,2.41
19-Aug-12,0.194
20-Aug-12,0
21-Aug-12,0
22-Aug-12,0
23-Aug-12,0
24-Aug-12,0
25-Aug-12,0
26-Aug-12,0
27-Aug-12,0
28-Aug-12,7.292
29-Aug-12,0.404
30-Aug-12,0
31-Aug-12,0
1-Sep-12,0
2-Sep-12,6.413
3-Sep-12,1.502
4-Sep-12,0.023
5-Sep-12,34.988
6-Sep-12,0.91
7-Sep-12,0
8-Sep-12,0
9-Sep-12,14.474
10-Sep-12,0
11-Sep-12,0
12-Sep-12,0
13-Sep-12,0
14-Sep-12,0
15-Sep-12,0
16-Sep-12,0
17-Sep-12,0
18-Sep-12,0
19-Sep-12,16.077
20-Sep-12,0
21-Sep-12,0
22-Sep-12,0
23-Sep-12,0.598
24-Sep-12,0
25-Sep-12,0
26-Sep-12,0
27-Sep-12,0.001
28-Sep-12,0
29-Sep-12,20.893
30-Sep-12,3.884
1-Oct-12,13.901
2-Oct-12,0.028
3-Oct-12,0.826
4-Oct-12,10.543
5-Oct-12,5.417
6-Oct-12,0.452
7-Oct-12,2.783
8-Oct-12,4.007
9-Oct-12,0
10-Oct-12,0
11-Oct-12,9.991
12-Oct-12,0.591
13-Oct-12,0.043
14-Oct-12,1.722
15-Oct-12,0.133
16-Oct-12,10.029
17-Oct-12,0.03
18-Oct-12,0
19-Oct-12,0.266
20-Oct-12,35.732
21-Oct-12,0.23
22-Oct-12,0
23-Oct-12,0
24-Oct-12,0
25-Oct-12,0
26-Oct-12,0
27-Oct-12,0
28-Oct-12,0
29-Oct-12,0.617
30-Oct-12,49.003
31-Oct-12,5.558
1-Nov-12,1.051
2-Nov-12,0
3-Nov-12,0
4-Nov-12,0
5-Nov-12,0
6-Nov-12,0
7-Nov-12,0
8-Nov-12,4.887
9-Nov-12,13.592
10-Nov-12,0
11-Nov-12,0
12-Nov-12,0
13-Nov-12,1.249
14-Nov-12,2.591
15-Nov-12,0
16-Nov-12,0
17-Nov-12,0
18-Nov-12,0
19-Nov-12,0
20-Nov-12,0
21-Nov-12,0
22-Nov-12,0
23-Nov-12,0
24-Nov-12,0.192
25-Nov-12,0
26-Nov-12,0
27-Nov-12,0
28-Nov-12,0
29-Nov-12,0
30-Nov-12,0
1-Dec-12,0
2-Dec-12,2.454
3-Dec-12,5.962
4-Dec-12,0
5-Dec-12,3.285
6-Dec-12,0.549
7-Dec-12,0
8-Dec-12,3.367
9-Dec-12,3.311
10-Dec-12,12.267
11-Dec-12,3.323
12-Dec-12,0
13-Dec-12,0
14-Dec-12,0
15-Dec-12,0
16-Dec-12,0
17-Dec-12,18.062
18-Dec-12,12.932
19-Dec-12,10.078
20-Dec-12,0.965
21-Dec-12,6.493
22-Dec-12,30.161
23-Dec-12,0.207
24-Dec-12,0
25-Dec-12,0
26-Dec-12,2.831
27-Dec-12,5.822
28-Dec-12,10.916
29-Dec-12,0
30-Dec-12,7.217
31-Dec-12,0
1-Jan-13,0
2-Jan-13,0
3-Jan-13,0
4-Jan-13,0
5-Jan-13,0
6-Jan-13,0.203
7-Jan-13,0
8-Jan-13,0
9-Jan-13,0
10-Jan-13,0.154
11-Jan-13,0
12-Jan-13,1.222
13-Jan-13,0
14-Jan-13,0.226
15-Jan-13,0
16-Jan-13,2.024
17-Jan-13,6.573
18-Jan-13,0
19-Jan-13,0.106
20-Jan-13,0
21-Jan-13,0.209
22-Jan-13,0
23-Jan-13,0
24-Jan-13,0
25-Jan-13,0
26-Jan-13,0
27-Jan-13,0
28-Jan-13,0
29-Jan-13,4.143
30-Jan-13,2.371
31-Jan-13,15.274
1-Feb-13,3.285
2-Feb-13,0
3-Feb-13,0
4-Feb-13,0
5-Feb-13,0
6-Feb-13,0.142
7-Feb-13,0
8-Feb-13,1.071
9-Feb-13,27.775
10-Feb-13,4.563
11-Feb-13,0
12-Feb-13,10.595
13-Feb-13,0
14-Feb-13,0
15-Feb-13,0
16-Feb-13,1.277
17-Feb-13,0.21
18-Feb-13,1.731
19-Feb-13,0
20-Feb-13,9.8
21-Feb-13,0
22-Feb-13,0
23-Feb-13,0
24-Feb-13,6.062
25-Feb-13,9.379
26-Feb-13,0
27-Feb-13,0.003
28-Feb-13,18.618
1-Mar-13,0
2-Mar-13,0.031
3-Mar-13,2.876
4-Mar-13,0
5-Mar-13,0
6-Mar-13,0.073
7-Mar-13,0.792
8-Mar-13,0.641
9-Mar-13,0
10-Mar-13,0
11-Mar-13,0
12-Mar-13,0.01
13-Mar-13,19.116
14-Mar-13,0.261
15-Mar-13,0.007
16-Mar-13,0
17-Mar-13,0
18-Mar-13,0
19-Mar-13,6.328
20-Mar-13,17.179
21-Mar-13,0.235
22-Mar-13,0
23-Mar-13,0
24-Mar-13,0
25-Mar-13,0
26-Mar-13,0
27-Mar-13,0
28-Mar-13,1.87
29-Mar-13,0
30-Mar-13,0
1-Apr-13,11.129
2-Apr-13,2.526
3-Apr-13,0
4-Apr-13,0
5-Apr-13,0
6-Apr-13,0
7-Apr-13,0
8-Apr-13,0
9-Apr-13,7.798
10-Apr-13,5.676
11-Apr-13,4.117
12-Apr-13,0.02
13-Apr-13,10.636
14-Apr-13,0.299
15-Apr-13,2.76
16-Apr-13,0
17-Apr-13,0.191
18-Apr-13,0
19-Apr-13,0
20-Apr-13,8.713
21-Apr-13,0.081
22-Apr-13,0
23-Apr-13,0
24-Apr-13,0.258
25-Apr-13,0.575
26-Apr-13,0
27-Apr-13,0
28-Apr-13,0
29-Apr-13,0
30-Apr-13,0
1-May-13,0
2-May-13,0
3-May-13,0
4-May-13,0
5-May-13,0
6-May-13,0
7-May-13,0
8-May-13,0
9-May-13,9.632
10-May-13,3.264
11-May-13,7.108
12-May-13,11.32
13-May-13,1.726
14-May-13,0
15-May-13,0
16-May-13,3.347
17-May-13,0
18-May-13,0
19-May-13,0
20-May-13,7.973
21-May-13,1.746
22-May-13,16.993
23-May-13,1.443
24-May-13,11.584
25-May-13,14.94
26-May-13,17.036
27-May-13,0.51
28-May-13,0
29-May-13,0.052
30-May-13,3.185
31-May-13,0
1-Jun-13,0
2-Jun-13,0.508
3-Jun-13,8.148
4-Jun-13,0.001
5-Jun-13,0
6-Jun-13,0
7-Jun-13,0.405
8-Jun-13,31.449
9-Jun-13,0.622
10-Jun-13,0
11-Jun-13,14.081
12-Jun-13,11.944
13-Jun-13,1.374
14-Jun-13,0
15-Jun-13,0
16-Jun-13,0
17-Jun-13,0.027
18-Jun-13,2.213
19-Jun-13,5.208
20-Jun-13,0
21-Jun-13,0
22-Jun-13,0
23-Jun-13,6.521
24-Jun-13,32.15
25-Jun-13,0
26-Jun-13,1.044
27-Jun-13,4.237
28-Jun-13,20.465
29-Jun-13,12.22
30-Jun-13,2.037
1-Jul-13,13.445
2-Jul-13,8.146
3-Jul-13,3.874
4-Jul-13,0
5-Jul-13,0
6-Jul-13,0.517
7-Jul-13,0
8-Jul-13,3.767
9-Jul-13,20.44
10-Jul-13,0.357
11-Jul-13,10.446
12-Jul-13,1.117
13-Jul-13,0
14-Jul-13,0
15-Jul-13,0
16-Jul-13,0
17-Jul-13,0
18-Jul-13,7.793
19-Jul-13,6.175
20-Jul-13,0.768
21-Jul-13,0
22-Jul-13,0
23-Jul-13,37.137
24-Jul-13,24.086
25-Jul-13,0.275
26-Jul-13,1.624
27-Jul-13,0.509
28-Jul-13,0
29-Jul-13,0.654
30-Jul-13,12.451
31-Jul-13,0
1-Aug-13,0
2-Aug-13,15.765
3-Aug-13,0.917
4-Aug-13,0.041
5-Aug-13,0.866
6-Aug-13,0
7-Aug-13,0
8-Aug-13,2.316
9-Aug-13,6.128
10-Aug-13,45.061
11-Aug-13,0
12-Aug-13,0
13-Aug-13,0
14-Aug-13,13.904
15-Aug-13,0
16-Aug-13,0
17-Aug-13,0
18-Aug-13,0
19-Aug-13,0
20-Aug-13,0
21-Aug-13,0
22-Aug-13,0
23-Aug-13,0
24-Aug-13,0
25-Aug-13,0
26-Aug-13,6.749
27-Aug-13,0
28-Aug-13,0
29-Aug-13,8.447
30-Aug-13,0.176
31-Aug-13,0.372
1-Sep-13,28.8
2-Sep-13,48.146
3-Sep-13,21.319
4-Sep-13,0
5-Sep-13,5.746
6-Sep-13,0.316
7-Sep-13,0
8-Sep-13,2.253
9-Sep-13,0
10-Sep-13,0
11-Sep-13,1.258
12-Sep-13,10.46
13-Sep-13,38.148
14-Sep-13,8.01
15-Sep-13,0.355
16-Sep-13,0.685
17-Sep-13,0.375
18-Sep-13,0
19-Sep-13,0
20-Sep-13,0
21-Sep-13,0
22-Sep-13,16.576
23-Sep-13,1.359
24-Sep-13,0
25-Sep-13,0
26-Sep-13,0
27-Sep-13,0
28-Sep-13,0
29-Sep-13,0
30-Sep-13,0
1-Oct-13,0
2-Oct-13,0
3-Oct-13,0
4-Oct-13,0
5-Oct-13,0
6-Oct-13,0
7-Oct-13,9.682
8-Oct-13,14.886
9-Oct-13,0
10-Oct-13,0
11-Oct-13,0
12-Oct-13,0
13-Oct-13,0
14-Oct-13,0
15-Oct-13,0
16-Oct-13,0
17-Oct-13,0
18-Oct-13,9.617
19-Oct-13,0
20-Oct-13,0.057
21-Oct-13,0
22-Oct-13,0
23-Oct-13,0.882
24-Oct-13,0
25-Oct-13,0
26-Oct-13,0
27-Oct-13,0
28-Oct-13,0
29-Oct-13,0
30-Oct-13,0
31-Oct-13,0
1-Nov-13,15.356
2-Nov-13,6.913
3-Nov-13,3.384
4-Nov-13,0
5-Nov-13,0
6-Nov-13,0
7-Nov-13,0
8-Nov-13,1.201
9-Nov-13,0
10-Nov-13,1.644
11-Nov-13,0
12-Nov-13,0
13-Nov-13,0
14-Nov-13,0
15-Nov-13,0
16-Nov-13,0
17-Nov-13,0
18-Nov-13,12.57
19-Nov-13,3.73
20-Nov-13,0
21-Nov-13,0
22-Nov-13,0
23-Nov-13,1.006
24-Nov-13,0.152
25-Nov-13,0
26-Nov-13,1.047
27-Nov-13,25.173
28-Nov-13,39.154
29-Nov-13,0
30-Nov-13,0
1-Dec-13,0
2-Dec-13,6.094
3-Dec-13,1.307
4-Dec-13,0
5-Dec-13,0
6-Dec-13,5.683
7-Dec-13,1.48
8-Dec-13,0
9-Dec-13,0
10-Dec-13,5.022
11-Dec-13,2.345
12-Dec-13,0.001
13-Dec-13,0
14-Dec-13,0
15-Dec-13,18.089
16-Dec-13,2.421
17-Dec-13,0
18-Dec-13,4.425
19-Dec-13,0
20-Dec-13,0
21-Dec-13,0.398
22-Dec-13,12.577
23-Dec-13,2.401
24-Dec-13,4.521
25-Dec-13,0
26-Dec-13,0.025
27-Dec-13,4.883
28-Dec-13,0
29-Dec-13,0
30-Dec-13,21.897
1-Jan-14,0
2-Jan-14,0.151
3-Jan-14,12.298
4-Jan-14,0.019
5-Jan-14,0
6-Jan-14,15.826
7-Jan-14,8.349
8-Jan-14,0
9-Jan-14,0
10-Jan-14,0
11-Jan-14,6.16
12-Jan-14,16.509
13-Jan-14,0
14-Jan-14,0
15-Jan-14,22.041
16-Jan-14,0
17-Jan-14,0
18-Jan-14,0
19-Jan-14,3.759
20-Jan-14,1.348
21-Jan-14,0.06
22-Jan-14,0
23-Jan-14,0
24-Jan-14,0
25-Jan-14,0
26-Jan-14,2.023
27-Jan-14,0
28-Jan-14,0.657
29-Jan-14,0
30-Jan-14,0
31-Jan-14,0
1-Feb-14,0
2-Feb-14,0.081
3-Feb-14,0
4-Feb-14,0
5-Feb-14,3.375
6-Feb-14,11.904
7-Feb-14,0
8-Feb-14,0
9-Feb-14,0
10-Feb-14,3.177
11-Feb-14,0
12-Feb-14,0
13-Feb-14,0
14-Feb-14,39.407
15-Feb-14,0.244
16-Feb-14,2.881
17-Feb-14,0
18-Feb-14,0
19-Feb-14,10.637
20-Feb-14,5.647
21-Feb-14,8.029
22-Feb-14,9.094
23-Feb-14,0
24-Feb-14,0
25-Feb-14,0
26-Feb-14,0
27-Feb-14,0
28-Feb-14,0
1-Mar-14,0
2-Mar-14,0
3-Mar-14,0
4-Mar-14,0
5-Mar-14,0.763
6-Mar-14,0.467
7-Mar-14,0
8-Mar-14,0
9-Mar-14,0
10-Mar-14,0
11-Mar-14,4.536
12-Mar-14,0
13-Mar-14,31.248
14-Mar-14,0.987
15-Mar-14,0
16-Mar-14,0
17-Mar-14,0
18-Mar-14,0
19-Mar-14,0
20-Mar-14,21.123
21-Mar-14,2.376
22-Mar-14,0
23-Mar-14,0.7
24-Mar-14,0
25-Mar-14,0
26-Mar-14,0
27-Mar-14,0
28-Mar-14,0
29-Mar-14,2.874
30-Mar-14,23.449
31-Mar-14,22.472
1-Apr-14,0.396
2-Apr-14,0
3-Apr-14,0
4-Apr-14,0
5-Apr-14,15.812
6-Apr-14,0
7-Apr-14,0
8-Apr-14,20.327
9-Apr-14,2.558
10-Apr-14,0
11-Apr-14,0.012
12-Apr-14,0
13-Apr-14,0
14-Apr-14,5.202
15-Apr-14,0
16-Apr-14,22.128
17-Apr-14,0
18-Apr-14,0
19-Apr-14,0
20-Apr-14,0
21-Apr-14,0
22-Apr-14,0
23-Apr-14,1.649
24-Apr-14,0
25-Apr-14,0
26-Apr-14,0
27-Apr-14,7.443
28-Apr-14,1.276
29-Apr-14,0.266
30-Apr-14,0
1-May-14,22.805
2-May-14,3.172
3-May-14,0
4-May-14,3.506
5-May-14,7.937
6-May-14,0
7-May-14,0
8-May-14,0
9-May-14,0
10-May-14,4.032
11-May-14,0.873
12-May-14,0
13-May-14,0
14-May-14,0.103
15-May-14,0
16-May-14,0
17-May-14,26.933
18-May-14,7.819
19-May-14,0
20-May-14,4.484
21-May-14,0
22-May-14,0.055
23-May-14,11.925
24-May-14,6.736
25-May-14,6.777
26-May-14,1.884
27-May-14,2.198
28-May-14,14.121
29-May-14,1.288
30-May-14,0
31-May-14,6.006
1-Jun-14,0
2-Jun-14,0
3-Jun-14,0
4-Jun-14,1.335
5-Jun-14,2.417
6-Jun-14,2.547
7-Jun-14,0
8-Jun-14,0
9-Jun-14,0
10-Jun-14,1.278
11-Jun-14,0.008
12-Jun-14,0.265
13-Jun-14,5.202
14-Jun-14,33.954
15-Jun-14,0
16-Jun-14,0
17-Jun-14,0
18-Jun-14,3.695
19-Jun-14,0
20-Jun-14,0
21-Jun-14,0
22-Jun-14,0
23-Jun-14,0
24-Jun-14,0
25-Jun-14,0
26-Jun-14,29.661
27-Jun-14,0.172
28-Jun-14,0
29-Jun-14,0
30-Jun-14,0
1-Jul-14,0
2-Jul-14,0
3-Jul-14,22.26
4-Jul-14,21.178
5-Jul-14,35.136
6-Jul-14,0
7-Jul-14,0
8-Jul-14,2.891
9-Jul-14,0.577
10-Jul-14,1.02
11-Jul-14,0
12-Jul-14,0
13-Jul-14,0
14-Jul-14,0.65
15-Jul-14,8.797
16-Jul-14,38.222
17-Jul-14,6.866
18-Jul-14,0
19-Jul-14,0
20-Jul-14,0
21-Jul-14,0
22-Jul-14,0
23-Jul-14,0
24-Jul-14,21.855
25-Jul-14,0.005
26-Jul-14,0
27-Jul-14,0
28-Jul-14,35.02
29-Jul-14,47.083
30-Jul-14,0
31-Jul-14,0
1-Aug-14,6.454
2-Aug-14,0
3-Aug-14,0
4-Aug-14,0
5-Aug-14,5.57
6-Aug-14,0.967
7-Aug-14,0.923
8-Aug-14,1.894
9-Aug-14,0
10-Aug-14,0.004
11-Aug-14,4.024
12-Aug-14,0
13-Aug-14,2.065
14-Aug-14,83.646
15-Aug-14,0
16-Aug-14,0
17-Aug-14,0.969
18-Aug-14,0.008
19-Aug-14,0
20-Aug-14,0
21-Aug-14,0
22-Aug-14,1.053
23-Aug-14,0.829
24-Aug-14,0
25-Aug-14,0
26-Aug-14,0
27-Aug-14,0
28-Aug-14,0.924
29-Aug-14,0
30-Aug-14,0
31-Aug-14,0
1-Sep-14,6.104
2-Sep-14,0
3-Sep-14,0.751
4-Sep-14,0
5-Sep-14,0
6-Sep-14,0
7-Sep-14,9.499
8-Sep-14,0
9-Sep-14,0.271
10-Sep-14,0
11-Sep-14,0
12-Sep-14,2.211
13-Sep-14,0
14-Sep-14,1.515
15-Sep-14,0
16-Sep-14,2.28
17-Sep-14,1.222
18-Sep-14,0
19-Sep-14,0
20-Sep-14,0
21-Sep-14,0
22-Sep-14,1.329
23-Sep-14,0
24-Sep-14,0
25-Sep-14,0
26-Sep-14,0
27-Sep-14,0
28-Sep-14,0
29-Sep-14,0
1-Oct-14,0
2-Oct-14,0.639
3-Oct-14,0
4-Oct-14,2.277
5-Oct-14,10.729
6-Oct-14,0.055
7-Oct-14,0
8-Oct-14,1.454
9-Oct-14,0.551
10-Oct-14,0
11-Oct-14,0
12-Oct-14,0
13-Oct-14,0
14-Oct-14,0
15-Oct-14,0
16-Oct-14,0.918
17-Oct-14,31.271
18-Oct-14,0.255
19-Oct-14,3.503
20-Oct-14,0
21-Oct-14,0.983
22-Oct-14,28.459
23-Oct-14,13.129
24-Oct-14,23.509
25-Oct-14,1.178
26-Oct-14,0.208
27-Oct-14,0
28-Oct-14,0
29-Oct-14,0
30-Oct-14,2.401
31-Oct-14,0
1-Nov-14,0.898
2-Nov-14,5.999
3-Nov-14,0.062
4-Nov-14,0
5-Nov-14,0
6-Nov-14,0
7-Nov-14,7.821
8-Nov-14,0.119
9-Nov-14,0
10-Nov-14,0
11-Nov-14,0
12-Nov-14,0
13-Nov-14,0
14-Nov-14,4.554
15-Nov-14,0
16-Nov-14,0
17-Nov-14,2.188
18-Nov-14,15.644
19-Nov-14,0
20-Nov-14,0
21-Nov-14,0
22-Nov-14,0
23-Nov-14,0.304
24-Nov-14,8.976
25-Nov-14,8.155
26-Nov-14,0
27-Nov-14,32.712
28-Nov-14,0.217
29-Nov-14,0
30-Nov-14,0
1-Dec-14,0
2-Dec-14,0
3-Dec-14,10.742
4-Dec-14,0.023
5-Dec-14,0
6-Dec-14,7.175
7-Dec-14,10.98
8-Dec-14,0
9-Dec-14,0
10-Dec-14,25.182
11-Dec-14,18.184
12-Dec-14,3.231
13-Dec-14,0.456
14-Dec-14,0.138
15-Dec-14,0
16-Dec-14,0
17-Dec-14,7.959
18-Dec-14,11.788
19-Dec-14,0.038
20-Dec-14,0
21-Dec-14,0
22-Dec-14,0
23-Dec-14,3.299
24-Dec-14,6.308
25-Dec-14,19.018
26-Dec-14,1.297
27-Dec-14,0
28-Dec-14,6.394
29-Dec-14,0.492
30-Dec-14,0
31-Dec-14,0
1-Jan-15,0
2-Jan-15,0
3-Jan-15,0
4-Jan-15,17.412
5-Jan-15,0.771
6-Jan-15,0
7-Jan-15,0
8-Jan-15,0
9-Jan-15,0
10-Jan-15,1.736
11-Jan-15,0
12-Jan-15,0.396
13-Jan-15,2.172
14-Jan-15,0
15-Jan-15,0
16-Jan-15,1.172
17-Jan-15,0
18-Jan-15,0
19-Jan-15,17.253
20-Jan-15,0
21-Jan-15,0
22-Jan-15,0
23-Jan-15,0
24-Jan-15,0
25-Jan-15,3.652
26-Jan-15,0.093
27-Jan-15,3.372
28-Jan-15,25.694
29-Jan-15,0
30-Jan-15,3.611
31-Jan-15,8.274
1-Feb-15,0
2-Feb-15,0.074
3-Feb-15,13.984
4-Feb-15,0
5-Feb-15,1.626
6-Feb-15,1.412
7-Feb-15,0
8-Feb-15,1.775
9-Feb-15,8.146
10-Feb-15,4.669
11-Feb-15,0
12-Feb-15,0
13-Feb-15,0.744
14-Feb-15,0
15-Feb-15,3.272
16-Feb-15,0
17-Feb-15,0
18-Feb-15,0
19-Feb-15,6.249
20-Feb-15,1.46
21-Feb-15,0
22-Feb-15,6.401
23-Feb-15,0
24-Feb-15,0
25-Feb-15,0.004
26-Feb-15,0
27-Feb-15,0
28-Feb-15,0
1-Mar-15,0
2-Mar-15,0.427
3-Mar-15,0
4-Mar-15,5.529
5-Mar-15,0
6-Mar-15,0
7-Mar-15,0
8-Mar-15,0
9-Mar-15,0
10-Mar-15,0
11-Mar-15,0
12-Mar-15,0
13-Mar-15,0
14-Mar-15,0
15-Mar-15,10.362
16-Mar-15,1.483
17-Mar-15,0
18-Mar-15,0.467
19-Mar-15,0
20-Mar-15,0
21-Mar-15,0
22-Mar-15,0
23-Mar-15,0
24-Mar-15,0
25-Mar-15,0
26-Mar-15,0.349
27-Mar-15,13.798
28-Mar-15,0.091
29-Mar-15,0
30-Mar-15,0
31-Mar-15,0
1-Apr-15,0
2-Apr-15,0
3-Apr-15,0
4-Apr-15,2.785
5-Apr-15,1.6
6-Apr-15,0
7-Apr-15,0.443
8-Apr-15,0
9-Apr-15,8.341
10-Apr-15,6.174
11-Apr-15,4.225
12-Apr-15,0
13-Apr-15,0
14-Apr-15,0.612
15-Apr-15,0
16-Apr-15,0
17-Apr-15,0
18-Apr-15,0.725
19-Apr-15,2.024
20-Apr-15,0
21-Apr-15,46.333
22-Apr-15,1.679
23-Apr-15,2.473
24-Apr-15,0.589
25-Apr-15,0
26-Apr-15,0
27-Apr-15,0
28-Apr-15,1.974
29-Apr-15,0
30-Apr-15,0
1-May-15,0
2-May-15,0
3-May-15,0
4-May-15,0
5-May-15,0
6-May-15,0
7-May-15,0
8-May-15,0
9-May-15,0
10-May-15,0
11-May-15,2.876
12-May-15,0
13-May-15,0.119
14-May-15,0
15-May-15,0
16-May-15,0
17-May-15,0.745
18-May-15,0
19-May-15,1.433
20-May-15,4.541
21-May-15,0
22-May-15,0
23-May-15,0
24-May-15,0
25-May-15,0
26-May-15,0.951
27-May-15,0
28-May-15,0.654
29-May-15,5.038
30-May-15,0
31-May-15,1.213
1-Jun-15,32.182
2-Jun-15,23.864
3-Jun-15,1.647
4-Jun-15,0
5-Jun-15,0
6-Jun-15,0.005
7-Jun-15,0
8-Jun-15,0
9-Jun-15,1.338
10-Jun-15,19.874
11-Jun-15,0.023
12-Jun-15,0
13-Jun-15,3.847
14-Jun-15,0
15-Jun-15,0.479
16-Jun-15,5.19
17-Jun-15,2.183
18-Jun-15,0
19-Jun-15,4.698
20-Jun-15,0
21-Jun-15,15.797
22-Jun-15,9.172
23-Jun-15,4.251
24-Jun-15,25.807
25-Jun-15,0
26-Jun-15,0.004
27-Jun-15,1.533
28-Jun-15,19.911
29-Jun-15,20.172
1-Jul-15,4.899
2-Jul-15,13.014
3-Jul-15,0
4-Jul-15,0
5-Jul-15,0.005
6-Jul-15,0
7-Jul-15,0
8-Jul-15,3.913
9-Jul-15,0
10-Jul-15,0
11-Jul-15,0
12-Jul-15,0
13-Jul-15,0
14-Jul-15,0
15-Jul-15,0.396
16-Jul-15,0
17-Jul-15,0
18-Jul-15,2.985
19-Jul-15,3.832
20-Jul-15,38.589
21-Jul-15,0
22-Jul-15,10.057
23-Jul-15,0
24-Jul-15,0.529
25-Jul-15,2.636
26-Jul-15,2.338
27-Jul-15,1.271
28-Jul-15,2.118
29-Jul-15,3.8
30-Jul-15,1.418
31-Jul-15,5.344
1-Aug-15,0
2-Aug-15,0.015
3-Aug-15,0
4-Aug-15,1.608
5-Aug-15,2.008
6-Aug-15,0.129
7-Aug-15,0
8-Aug-15,0
9-Aug-15,0
10-Aug-15,0
11-Aug-15,0
12-Aug-15,29.131
13-Aug-15,1.162
14-Aug-15,0
15-Aug-15,0
16-Aug-15,2.477
17-Aug-15,0
18-Aug-15,0
19-Aug-15,0
20-Aug-15,0
21-Aug-15,3.669
22-Aug-15,17.42
23-Aug-15,0
24-Aug-15,8.901
25-Aug-15,0.089
26-Aug-15,21.393
27-Aug-15,0.015
28-Aug-15,0
29-Aug-15,0
30-Aug-15,0
31-Aug-15,0
1-Sep-15,0
2-Sep-15,0
3-Sep-15,0
4-Sep-15,6.995
5-Sep-15,0
6-Sep-15,0
7-Sep-15,0
8-Sep-15,0
9-Sep-15,5.913
10-Sep-15,1.303
11-Sep-15,21.402
12-Sep-15,0.47
13-Sep-15,1.368
14-Sep-15,15.157
15-Sep-15,0.286
16-Sep-15,0
17-Sep-15,0
18-Sep-15,0
19-Sep-15,0
20-Sep-15,0.361
21-Sep-15,0.261
22-Sep-15,0
23-Sep-15,0
24-Sep-15,0
25-Sep-15,0
26-Sep-15,0
27-Sep-15,0
28-Sep-15,0
29-Sep-15,0.01
30-Sep-15,39.739
1-Oct-15,91.372
2-Oct-15,0
3-Oct-15,0
4-Oct-15,0
5-Oct-15,0
6-Oct-15,0
7-Oct-15,0
8-Oct-15,0
9-Oct-15,1.317
10-Oct-15,18.105
11-Oct-15,0
12-Oct-15,0
13-Oct-15,0
14-Oct-15,0.701
15-Oct-15,0
16-Oct-15,0
17-Oct-15,0
18-Oct-15,0
19-Oct-15,0
20-Oct-15,1.122
21-Oct-15,0
22-Oct-15,0.37
23-Oct-15,0.358
24-Oct-15,0
25-Oct-15,0.625
26-Oct-15,1.049
27-Oct-15,0
28-Oct-15,0
29-Oct-15,58.892
30-Oct-15,1.452
31-Oct-15,0
1-Nov-15,0.022
2-Nov-15,0.567
3-Nov-15,0
4-Nov-15,0
5-Nov-15,0
6-Nov-15,0
7-Nov-15,0
8-Nov-15,0.124
9-Nov-15,0
10-Nov-15,0
11-Nov-15,0.001
12-Nov-15,5.63
13-Nov-15,11.849
14-Nov-15,1.699
15-Nov-15,0
16-Nov-15,0
17-Nov-15,0
18-Nov-15,0
19-Nov-15,0
20-Nov-15,37.191
21-Nov-15,1.534
22-Nov-15,0
23-Nov-15,1.558
24-Nov-15,0
25-Nov-15,0
26-Nov-15,0
27-Nov-15,0
28-Nov-15,0.607
29-Nov-15,0.687
30-Nov-15,0
1-Dec-15,0
2-Dec-15,4.332
3-Dec-15,7.37
4-Dec-15,7.597
5-Dec-15,0
6-Dec-15,0
7-Dec-15,0
8-Dec-15,0
9-Dec-15,0
10-Dec-15,0.412
11-Dec-15,1.369
12-Dec-15,0
13-Dec-15,0
14-Dec-15,0
15-Dec-15,13.559
16-Dec-15,0.834
17-Dec-15,0
18-Dec-15,14.311
19-Dec-15,0.007
20-Dec-15,0
21-Dec-15,0
22-Dec-15,0
23-Dec-15,20.397
24-Dec-15,23.691
25-Dec-15,0.012
26-Dec-15,0
27-Dec-15,10.939
28-Dec-15,2.103
29-Dec-15,10.706
30-Dec-15,13.71
31-Dec-15,2.047
1-Jan-16,0
2-Jan-16,0.74
3-Jan-16,0
4-Jan-16,0
5-Jan-16,0
6-Jan-16,0
7-Jan-16,0
8-Jan-16,0
9-Jan-16,0
10-Jan-16,0.865
11-Jan-16,48.06
12-Jan-16,0
13-Jan-16,14.485
14-Jan-16,0
15-Jan-16,0
16-Jan-16,0
17-Jan-16,9.437
18-Jan-16,0.332
19-Jan-16,1.841
20-Jan-16,0
21-Jan-16,0
22-Jan-16,0
23-Jan-16,0
24-Jan-16,0
25-Jan-16,0
26-Jan-16,0
27-Jan-16,0
28-Jan-16,0
29-Jan-16,0
30-Jan-16,0
31-Jan-16,0
1-Feb-16,0
2-Feb-16,0
3-Feb-16,0
4-Feb-16,22.326
5-Feb-16,0.844
6-Feb-16,10.963
7-Feb-16,0
8-Feb-16,0
9-Feb-16,5.454
10-Feb-16,0
11-Feb-16,0
12-Feb-16,0.151
13-Feb-16,0
14-Feb-16,0
15-Feb-16,0
16-Feb-16,12.97
17-Feb-16,15.331
18-Feb-16,0
19-Feb-16,0
20-Feb-16,4.347
21-Feb-16,0.86
22-Feb-16,0
23-Feb-16,0
24-Feb-16,1.684
25-Feb-16,45.304
26-Feb-16,1.09
27-Feb-16,0
28-Feb-16,0
29-Feb-16,0
1-Mar-16,0
2-Mar-16,18.521
3-Mar-16,7.335
4-Mar-16,0
5-Mar-16,0
6-Mar-16,0
7-Mar-16,0
8-Mar-16,1.751
9-Mar-16,0
10-Mar-16,0
11-Mar-16,24.525
12-Mar-16,0
13-Mar-16,0
14-Mar-16,0
15-Mar-16,2.75
16-Mar-16,9.963
17-Mar-16,7.556
18-Mar-16,0.978
19-Mar-16,0
20-Mar-16,0
21-Mar-16,1.065
22-Mar-16,2.733
23-Mar-16,0
24-Mar-16,0.002
25-Mar-16,1.352
26-Mar-16,4.251
27-Mar-16,0
28-Mar-16,0
29-Mar-16,23.52
30-Mar-16,0
1-Apr-16,0
2-Apr-16,14.801
3-Apr-16,1.231
4-Apr-16,0
5-Apr-16,0.893
6-Apr-16,0
7-Apr-16,1.245
8-Apr-16,17.865
9-Apr-16,0
10-Apr-16,0
11-Apr-16,0
12-Apr-16,6.621
13-Apr-16,6.565
14-Apr-16,0
15-Apr-16,0
16-Apr-16,0
17-Apr-16,0
18-Apr-16,0
19-Apr-16,10.984
20-Apr-16,0.375
21-Apr-16,0
22-Apr-16,0
23-Apr-16,0
24-Apr-16,0
25-Apr-16,0
26-Apr-16,1.552
27-Apr-16,13.083
28-Apr-16,0
29-Apr-16,0
30-Apr-16,0
1-May-16,0
2-May-16,3.942
3-May-16,19.183
4-May-16,0
5-May-16,5.264
6-May-16,1.16
7-May-16,0
8-May-16,0
9-May-16,1.671
10-May-16,0
11-May-16,0
12-May-16,0
13-May-16,0
14-May-16,7.976
15-May-16,0.003
16-May-16,0.269
17-May-16,0
18-May-16,0.001
19-May-16,0
20-May-16,2.069
21-May-16,0
22-May-16,0
23-May-16,0
24-May-16,0
25-May-16,8.239
26-May-16,1.143
27-May-16,0
28-May-16,0.005
29-May-16,0
30-May-16,0.846
31-May-16,0
1-Jun-16,0
2-Jun-16,0
3-Jun-16,0
4-Jun-16,3.859
5-Jun-16,0
6-Jun-16,50.286
7-Jun-16,0
8-Jun-16,2.815
9-Jun-16,0
10-Jun-16,1.036
11-Jun-16,0
12-Jun-16,0.612
13-Jun-16,0.037
14-Jun-16,3.618
15-Jun-16,0
16-Jun-16,0
17-Jun-16,0
18-Jun-16,0
19-Jun-16,0
20-Jun-16,0
21-Jun-16,0
22-Jun-16,0
23-Jun-16,6.8
24-Jun-16,0
25-Jun-16,0
26-Jun-16,0
27-Jun-16,0
28-Jun-16,0
29-Jun-16,8.181
30-Jun-16,2.28
1-Jul-16,0
2-Jul-16,16.879
3-Jul-16,0
4-Jul-16,0
5-Jul-16,0
6-Jul-16,0
7-Jul-16,0
8-Jul-16,0.286
9-Jul-16,2.608
10-Jul-16,6.033
11-Jul-16,1.725
12-Jul-16,0
13-Jul-16,0
14-Jul-16,0
15-Jul-16,16.778
16-Jul-16,0
17-Jul-16,16.756
18-Jul-16,3.912
19-Jul-16,2.188
20-Jul-16,0
21-Jul-16,0
22-Jul-16,0
23-Jul-16,12.039
24-Jul-16,11.729
25-Jul-16,0
26-Jul-16,4.275
27-Jul-16,0
28-Jul-16,0
29-Jul-16,0
30-Jul-16,0.004
31-Jul-16,0
1-Aug-16,0.131
2-Aug-16,1.151
3-Aug-16,0
4-Aug-16,0
5-Aug-16,0
6-Aug-16,0
7-Aug-16,0
8-Aug-16,0
9-Aug-16,0
10-Aug-16,0.353
11-Aug-16,1.238
12-Aug-16,0
13-Aug-16,23.814
14-Aug-16,8.465
15-Aug-16,0
16-Aug-16,0
17-Aug-16,5.749
18-Aug-16,0
19-Aug-16,0
20-Aug-16,0
21-Aug-16,0
22-Aug-16,28.62
23-Aug-16,0
24-Aug-16,0
25-Aug-16,0
26-Aug-16,0
27-Aug-16,3.762
28-Aug-16,0
29-Aug-16,0.554
30-Aug-16,0
31-Aug-16,0
1-Sep-16,0.128
2-Sep-16,0
3-Sep-16,0
4-Sep-16,0
5-Sep-16,0
6-Sep-16,1.852
7-Sep-16,0.394
8-Sep-16,0
9-Sep-16,0
10-Sep-16,0
11-Sep-16,0.024
12-Sep-16,8.73
13-Sep-16,0
14-Sep-16,0
15-Sep-16,0
16-Sep-16,0
17-Sep-16,0
18-Sep-16,3.683
19-Sep-16,11.685
20-Sep-16,0.53
21-Sep-16,0
22-Sep-16,0
23-Sep-16,0.551
24-Sep-16,0.469
25-Sep-16,0
26-Sep-16,0
27-Sep-16,5.543
28-Sep-16,1.111
29-Sep-16,0
30-Sep-16,0
1-Oct-16,0.052
2-Oct-16,3.919
3-Oct-16,0.023
4-Oct-16,0
5-Oct-16,0
6-Oct-16,0
7-Oct-16,0
8-Oct-16,0
9-Oct-16,2.297
10-Oct-16,14.179
11-Oct-16,0
12-Oct-16,0
13-Oct-16,0
14-Oct-16,0.616
15-Oct-16,0
16-Oct-16,0
17-Oct-16,1.226
18-Oct-16,0
19-Oct-16,0.671
20-Oct-16,0
21-Oct-16,5.331
22-Oct-16,82.284
23-Oct-16,16.492
24-Oct-16,0.007
25-Oct-16,0
26-Oct-16,0
27-Oct-16,0
28-Oct-16,23.867
29-Oct-16,12.801
30-Oct-16,7.479
31-Oct-16,0.591
1-Nov-16,0
2-Nov-16,0
3-Nov-16,1.614
4-Nov-16,23.272
5-Nov-16,0
6-Nov-16,0
7-Nov-16,0.048
8-Nov-16,0
9-Nov-16,0
10-Nov-16,0
11-Nov-16,0
12-Nov-16,0
13-Nov-16,0
14-Nov-16,0
15-Nov-16,0
16-Nov-16,39.426
17-Nov-16,1.582
18-Nov-16,0
19-Nov-16,0
20-Nov-16,0.965
21-Nov-16,9.015
22-Nov-16,0
23-Nov-16,0
24-Nov-16,0
25-Nov-16,2.918
26-Nov-16,3.121
27-Nov-16,3.491
28-Nov-16,0
29-Nov-16,0
30-Nov-16,24.778
1-Dec-16,31.821
2-Dec-16,0.01
3-Dec-16,0
4-Dec-16,0
5-Dec-16,0
6-Dec-16,4.705
7-Dec-16,0.385
8-Dec-16,1.931
9-Dec-16,0
10-Dec-16,0
11-Dec-16,0
12-Dec-16,7.237
13-Dec-16,8.419
14-Dec-16,0
15-Dec-16,0
16-Dec-16,0
17-Dec-16,1.082
18-Dec-16,19.413
19-Dec-16,3.454
20-Dec-16,0
21-Dec-16,0
22-Dec-16,0.461
23-Dec-16,2.365
24-Dec-16,0
25-Dec-16,1.569
26-Dec-16,0
27-Dec-16,2.212
28-Dec-16,0
29-Dec-16,0
30-Dec-16,39.328
1-Jan-17,2.831
2-Jan-17,0
3-Jan-17,0
4-Jan-17,16.382
5-Jan-17,0
6-Jan-17,0
7-Jan-17,0
8-Jan-17,1.551
9-Jan-17,0
10-Jan-17,0
11-Jan-17,12.974
12-Jan-17,0.435
13-Jan-17,2.865
14-Jan-17,0
15-Jan-17,0
16-Jan-17,0
17-Jan-17,0
18-Jan-17,4.036
19-Jan-17,3.572
20-Jan-17,0
21-Jan-17,0
22-Jan-17,0
23-Jan-17,0
24-Jan-17,12.475
25-Jan-17,16.73
26-Jan-17,0
27-Jan-17,0
28-Jan-17,0
29-Jan-17,0
30-Jan-17,0
31-Jan-17,0
1-Feb-17,1.686
2-Feb-17,0.007
3-Feb-17,0
4-Feb-17,0
5-Feb-17,0
6-Feb-17,0
7-Feb-17,1.54
8-Feb-17,18.61
9-Feb-17,0.726
10-Feb-17,16.935
11-Feb-17,2.986
12-Feb-17,2.992
13-Feb-17,22.166
14-Feb-17,2.329
15-Feb-17,0
16-Feb-17,34.784
17-Feb-17,0
18-Feb-17,0
19-Feb-17,0
20-Feb-17,0
21-Feb-17,0
22-Feb-17,0
23-Feb-17,0
24-Feb-17,0
25-Feb-17,2.023
26-Feb-17,7.698
27-Feb-17,0
28-Feb-17,0
1-Mar-17,1.566
2-Mar-17,1.198
3-Mar-17,0.022
4-Mar-17,0
5-Mar-17,0
6-Mar-17,0
7-Mar-17,0
8-Mar-17,4.013
9-Mar-17,1.566
10-Mar-17,0
11-Mar-17,4.203
12-Mar-17,0
13-Mar-17,0
14-Mar-17,0
15-Mar-17,43.956
16-Mar-17,0.121
17-Mar-17,0
18-Mar-17,0
19-Mar-17,0
20-Mar-17,0
21-Mar-17,0
22-Mar-17,0.076
23-Mar-17,0
24-Mar-17,0
25-Mar-17,6.206
26-Mar-17,0
27-Mar-17,0.858
28-Mar-17,14.364
29-Mar-17,1.096
30-Mar-17,0
31-Mar-17,0
1-Apr-17,21.412
2-Apr-17,9.848
3-Apr-17,0
4-Apr-17,0.858
5-Apr-17,14.682
6-Apr-17,0.014
7-Apr-17,33.206
8-Apr-17,0.982
9-Apr-17,0
10-Apr-17,0
11-Apr-17,0
12-Apr-17,0.126
13-Apr-17,3.247
14-Apr-17,0
15-Apr-17,0
16-Apr-17,1.026
17-Apr-17,0
18-Apr-17,0
19-Apr-17,0
20-Apr-17,5.223
21-Apr-17,3.228
22-Apr-17,15.876
23-Apr-17,0.368
24-Apr-17,0
25-Apr-17,0.414
26-Apr-17,19.361
27-Apr-17,13.614
28-Apr-17,0.08
29-Apr-17,0
30-Apr-17,0
1-May-17,0.399
2-May-17,13.374
3-May-17,1.352
4-May-17,0.858
5-May-17,0
6-May-17,16.611
7-May-17,4.365
8-May-17,1.047
9-May-17,0.764
10-May-17,0
11-May-17,0
12-May-17,0
13-May-17,0
14-May-17,12.077
15-May-17,18.322
16-May-17,2.078
17-May-17,0
18-May-17,0
19-May-17,1.02
20-May-17,0
21-May-17,0
22-May-17,2.718
23-May-17,7.453
24-May-17,0
25-May-17,0
26-May-17,39.951
27-May-17,3.689
28-May-17,0
29-May-17,0
30-May-17,1.165
31-May-17,14.266
1-Jun-17,14.033
2-Jun-17,2.638
3-Jun-17,2.119
4-Jun-17,0
5-Jun-17,1.348
6-Jun-17,7.311
7-Jun-17,14.668
8-Jun-17,0
9-Jun-17,0
10-Jun-17,0.889
11-Jun-17,0
12-Jun-17,0
13-Jun-17,0
14-Jun-17,0
15-Jun-17,0
16-Jun-17,2.238
17-Jun-17,7.783
18-Jun-17,0
19-Jun-17,0
20-Jun-17,14.323
21-Jun-17,0.307
22-Jun-17,0
23-Jun-17,3.004
24-Jun-17,9.321
25-Jun-17,0.937
26-Jun-17,0.141
27-Jun-17,0
28-Jun-17,12.027
29-Jun-17,0.069
30-Jun-17,13.851
1-Jul-17,6.001
2-Jul-17,43.104
3-Jul-17,0
4-Jul-17,0
5-Jul-17,0
6-Jul-17,0
7-Jul-17,0
8-Jul-17,0
9-Jul-17,1.95
10-Jul-17,0
11-Jul-17,3.926
12-Jul-17,0
13-Jul-17,23.507
14-Jul-17,4.492
15-Jul-17,0
16-Jul-17,5.077
17-Jul-17,0
18-Jul-17,4.512
19-Jul-17,0.415
20-Jul-17,0
21-Jul-17,0
22-Jul-17,0
23-Jul-17,0.411
24-Jul-17,0
25-Jul-17,7.832
26-Jul-17,0
27-Jul-17,0.942
28-Jul-17,0.568
29-Jul-17,0
30-Jul-17,0
31-Jul-17,0
1-Aug-17,5.373
2-Aug-17,0
3-Aug-17,5.196
4-Aug-17,0
5-Aug-17,2.836
6-Aug-17,6.408
7-Aug-17,0
8-Aug-17,7.22
9-Aug-17,0
10-Aug-17,0
11-Aug-17,0
12-Aug-17,1.289
13-Aug-17,0.538
14-Aug-17,0
15-Aug-17,0
16-Aug-17,0.615
17-Aug-17,0
18-Aug-17,0
19-Aug-17,40.802
20-Aug-17,0
21-Aug-17,0
22-Aug-17,0
23-Aug-17,9.802
24-Aug-17,0
25-Aug-17,0
26-Aug-17,0
27-Aug-17,0
28-Aug-17,0
29-Aug-17,0
30-Aug-17,0
31-Aug-17,0
1-Sep-17,0
2-Sep-17,0
3-Sep-17,0
4-Sep-17,29.104
5-Sep-17,0
6-Sep-17,33.432
7-Sep-17,42.479
8-Sep-17,0.702
9-Sep-17,0.832
10-Sep-17,0
11-Sep-17,0
12-Sep-17,0
13-Sep-17,0
14-Sep-17,0
15-Sep-17,5.585
16-Sep-17,3.29
17-Sep-17,0
18-Sep-17,0
19-Sep-17,0
20-Sep-17,0.781
21-Sep-17,0
22-Sep-17,0
23-Sep-17,0
24-Sep-17,0
25-Sep-17,0
26-Sep-17,0
27-Sep-17,0
28-Sep-17,0
29-Sep-17,0
1-Oct-17,0
2-Oct-17,0
3-Oct-17,0
4-Oct-17,0
5-Oct-17,0
6-Oct-17,0
7-Oct-17,1.59
8-Oct-17,0
9-Oct-17,2.147
10-Oct-17,16.632
11-Oct-17,0
12-Oct-17,0.458
13-Oct-17,0
14-Oct-17,0
15-Oct-17,0
16-Oct-17,0.015
17-Oct-17,0
18-Oct-17,0
19-Oct-17,0
20-Oct-17,0
21-Oct-17,0
22-Oct-17,0
23-Oct-17,0
24-Oct-17,2.308
25-Oct-17,29.263
26-Oct-17,31.491
27-Oct-17,29.118
28-Oct-17,0
29-Oct-17,0
30-Oct-17,66.178
31-Oct-17,6.076
1-Nov-17,0
2-Nov-17,3.327
3-Nov-17,1.261
4-Nov-17,0.158
5-Nov-17,0
6-Nov-17,1.24
7-Nov-17,5.477
8-Nov-17,0
9-Nov-17,0
10-Nov-17,0.622
11-Nov-17,0
12-Nov-17,0
13-Nov-17,0
14-Nov-17,4.372
15-Nov-17,0
16-Nov-17,0
17-Nov-17,12.239
18-Nov-17,0
19-Nov-17,15.601
20-Nov-17,3.268
21-Nov-17,0
22-Nov-17,0
23-Nov-17,12.275
24-Nov-17,0
25-Nov-17,0
26-Nov-17,0
27-Nov-17,0
28-Nov-17,0
29-Nov-17,0
30-Nov-17,0
1-Dec-17,2.531
2-Dec-17,0
3-Dec-17,0
4-Dec-17,0
5-Dec-17,0
6-Dec-17,26.163
7-Dec-17,0
8-Dec-17,0
9-Dec-17,0
10-Dec-17,6.88
11-Dec-17,0
12-Dec-17,0.557
13-Dec-17,16.069
14-Dec-17,0
15-Dec-17,0
16-Dec-17,0.003
17-Dec-17,0
18-Dec-17,0
19-Dec-17,3.021
20-Dec-17,0.454
21-Dec-17,0
22-Dec-17,0
23-Dec-17,10.224
24-Dec-17,8.136
25-Dec-17,2.837
26-Dec-17,11.302
27-Dec-17,0
28-Dec-17,0
29-Dec-17,0
30-Dec-17,0.992
31-Dec-17,0
1-Jan-18,0
2-Jan-18,0
3-Jan-18,0
4-Jan-18,0
5-Jan-18,18.535
6-Jan-18,0.001
7-Jan-18,0
8-Jan-18,0
9-Jan-18,0
10-Jan-18,0
11-Jan-18,0
12-Jan-18,0
13-Jan-18,41.128
14-Jan-18,6.113
15-Jan-18,0
16-Jan-18,0.134
17-Jan-18,4.769
18-Jan-18,2.718
19-Jan-18,0
20-Jan-18,0
21-Jan-18,0
22-Jan-18,0
23-Jan-18,6.099
24-Jan-18,25.098
25-Jan-18,0
26-Jan-18,0
27-Jan-18,0
28-Jan-18,0
29-Jan-18,0
30-Jan-18,0
31-Jan-18,0
1-Feb-18,0.653
2-Feb-18,3.412
3-Feb-18,0.006
4-Feb-18,0.623
5-Feb-18,15.558
6-Feb-18,0
7-Feb-18,0
8-Feb-18,23.652
9-Feb-18,0
10-Feb-18,3.5
11-Feb-18,0.091
12-Feb-18,10.454
13-Feb-18,0
14-Feb-18,0
15-Feb-18,0
16-Feb-18,0
17-Feb-18,0
18-Feb-18,9.168
19-Feb-18,0
20-Feb-18,0
21-Feb-18,0
22-Feb-18,0
23-Feb-18,0
24-Feb-18,7.075
25-Feb-18,0
26-Feb-18,12.67
27-Feb-18,0
28-Feb-18,0
1-Mar-18,0
2-Mar-18,1.615
3-Mar-18,5.396
4-Mar-18,0
5-Mar-18,0.687
6-Mar-18,0
7-Mar-18,0
8-Mar-18,17.298
9-Mar-18,8.221
10-Mar-18,0
11-Mar-18,0
12-Mar-18,0
13-Mar-18,0
14-Mar-18,30.549
15-Mar-18,5.096
16-Mar-18,0
17-Mar-18,0
18-Mar-18,0
19-Mar-18,0
20-Mar-18,0
21-Mar-18,0
22-Mar-18,0
23-Mar-18,0
24-Mar-18,0
25-Mar-18,1.422
26-Mar-18,0
27-Mar-18,0
28-Mar-18,0.001
29-Mar-18,0.448
30-Mar-18,10.922
31-Mar-18,0.841
1-Apr-18,0
2-Apr-18,0
3-Apr-18,0
4-Apr-18,5.809
5-Apr-18,6.716
6-Apr-18,0
7-Apr-18,6.018
8-Apr-18,0
9-Apr-18,0.198
10-Apr-18,0
11-Apr-18,0
12-Apr-18,0
13-Apr-18,5.234
14-Apr-18,0.35
15-Apr-18,0.942
16-Apr-18,6.359
17-Apr-18,51.393
18-Apr-18,2.628
19-Apr-18,0
20-Apr-18,0.234
21-Apr-18,0
22-Apr-18,0
23-Apr-18,0
24-Apr-18,0
25-Apr-18,0
26-Apr-18,26.594
27-Apr-18,8.805
28-Apr-18,4.32
29-Apr-18,0
30-Apr-18,7.743
1-May-18,0.554
2-May-18,0
3-May-18,0
4-May-18,3.006
5-May-18,4.188
6-May-18,0
7-May-18,0.567
8-May-18,0
9-May-18,0
10-May-18,0
11-May-18,0
12-May-18,0
13-May-18,0
14-May-18,0
15-May-18,0
16-May-18,5.162
17-May-18,0
18-May-18,0
19-May-18,0
20-May-18,8.531
21-May-18,0
22-May-18,0
23-May-18,1.309
24-May-18,0.85
25-May-18,0
26-May-18,0
27-May-18,1.664
28-May-18,0.019
29-May-18,0
30-May-18,0
31-May-18,0
1-Jun-18,0
2-Jun-18,0
3-Jun-18,0
4-Jun-18,1.367
5-Jun-18,9.339
6-Jun-18,4.53
7-Jun-18,3.223
8-Jun-18,0.005
9-Jun-18,0
10-Jun-18,0
11-Jun-18,0
12-Jun-18,0
13-Jun-18,0
14-Jun-18,4.352
15-Jun-18,2.124
16-Jun-18,0
17-Jun-18,0
18-Jun-18,0
19-Jun-18,22.462
20-Jun-18,0
21-Jun-18,0
22-Jun-18,0
23-Jun-18,0
24-Jun-18,9.004
25-Jun-18,1.492
26-Jun-18,1.038
27-Jun-18,0
28-Jun-18,22.185
29-Jun-18,21.063
1-Jul-18,4.622
2-Jul-18,0
3-Jul-18,0.01
4-Jul-18,0.012
5-Jul-18,0
6-Jul-18,0.186
7-Jul-18,3.676
8-Jul-18,0
9-Jul-18,0
10-Jul-18,0
11-Jul-18,0.006
12-Jul-18,0
13-Jul-18,0
14-Jul-18,0
15-Jul-18,0
16-Jul-18,0
17-Jul-18,1.624
18-Jul-18,32.449
19-Jul-18,0
20-Jul-18,0
21-Jul-18,0
22-Jul-18,0
23-Jul-18,21.089
24-Jul-18,1.605
25-Jul-18,0
26-Jul-18,22.931
27-Jul-18,2.631
28-Jul-18,4.511
29-Jul-18,0.045
30-Jul-18,0
31-Jul-18,0
1-Aug-18,0
2-Aug-18,31.336
3-Aug-18,0
4-Aug-18,2.664
5-Aug-18,30.5
6-Aug-18,0
7-Aug-18,0
8-Aug-18,4.635
9-Aug-18,0.986
10-Aug-18,0.004
11-Aug-18,0
12-Aug-18,13.504
13-Aug-18,0.176
14-Aug-18,7.616
15-Aug-18,4.399
16-Aug-18,0.411
17-Aug-18,0
18-Aug-18,20.655
19-Aug-18,1.058
20-Aug-18,0
21-Aug-18,0
22-Aug-18,0.215
23-Aug-18,18.831
24-Aug-18,0
25-Aug-18,0
26-Aug-18,0
27-Aug-18,0
28-Aug-18,0
29-Aug-18,0
30-Aug-18,2.118
31-Aug-18,0
1-Sep-18,0
2-Sep-18,0
3-Sep-18,0
4-Sep-18,0
5-Sep-18,0
6-Sep-18,0
7-Sep-18,11.25
8-Sep-18,0
9-Sep-18,0
10-Sep-18,0
11-Sep-18,50.837
12-Sep-18,4.865
13-Sep-18,0.063
14-Sep-18,0
15-Sep-18,0
16-Sep-18,0
17-Sep-18,0
18-Sep-18,2.578
19-Sep-18,4.67
20-Sep-18,0.102
21-Sep-18,0
22-Sep-18,0.4
23-Sep-18,0
24-Sep-18,0
25-Sep-18,0
26-Sep-18,41.506
27-Sep-18,14.704
28-Sep-18,1.194
29-Sep-18,0
30-Sep-18,0
1-Oct-18,2.978
2-Oct-18,9.331
3-Oct-18,20.945
4-Oct-18,0
5-Oct-18,0
6-Oct-18,0
7-Oct-18,0
8-Oct-18,0.476
9-Oct-18,0
10-Oct-18,0
11-Oct-18,5.708
12-Oct-18,13.372
13-Oct-18,0.244
14-Oct-18,1.295
15-Oct-18,0
16-Oct-18,7.774
17-Oct-18,0
18-Oct-18,1.679
19-Oct-18,0
20-Oct-18,0
21-Oct-18,0
22-Oct-18,0
23-Oct-18,0
24-Oct-18,13.268
25-Oct-18,1.694
26-Oct-18,0
27-Oct-18,0
28-Oct-18,15.188
29-Oct-18,0.947
30-Oct-18,11.052
31-Oct-18,0
1-Nov-18,0
2-Nov-18,17.221
3-Nov-18,41.534
4-Nov-18,6.642
5-Nov-18,0
6-Nov-18,8.643
7-Nov-18,14.316
8-Nov-18,0
9-Nov-18,0
10-Nov-18,24.122
11-Nov-18,2.13
12-Nov-18,0
13-Nov-18,7.831
14-Nov-18,23.488
15-Nov-18,0
16-Nov-18,9.182
17-Nov-18,4.152
18-Nov-18,0
19-Nov-18,0
20-Nov-18,4.457
21-Nov-18,9.13
22-Nov-18,1.371
23-Nov-18,0
24-Nov-18,0
25-Nov-18,0.473
26-Nov-18,8.544
27-Nov-18,16.254
28-Nov-18,17.624
29-Nov-18,0
30-Nov-18,0
1-Dec-18,0
2-Dec-18,3.242
3-Dec-18,15.521
4-Dec-18,0
5-Dec-18,0
6-Dec-18,0
7-Dec-18,0
8-Dec-18,0
9-Dec-18,0
10-Dec-18,0
11-Dec-18,0
12-Dec-18,0
13-Dec-18,0
14-Dec-18,0
15-Dec-18,0
16-Dec-18,0
17-Dec-18,4.367
18-Dec-18,1.071
19-Dec-18,0
20-Dec-18,0
21-Dec-18,2.326
22-Dec-18,30.902
23-Dec-18,0
24-Dec-18,0
25-Dec-18,0
26-Dec-18,0
27-Dec-18,0
28-Dec-18,3.202
29-Dec-18,14.186
30-Dec-18,0
31-Dec-18,0
1-Jan-19,25.196
2-Jan-19,0
3-Jan-19,5.248
4-Jan-19,1.134
5-Jan-19,0
6-Jan-19,0.001
7-Jan-19,0
8-Jan-19,3.265
9-Jan-19,15.801
10-Jan-19,12.353
11-Jan-19,0
12-Jan-19,0
13-Jan-19,0
14-Jan-19,0
15-Jan-19,0
16-Jan-19,0
17-Jan-19,0
18-Jan-19,0.008
19-Jan-19,0
20-Jan-19,17.919
21-Jan-19,13.871
22-Jan-19,0
23-Jan-19,0
24-Jan-19,5.466
25-Jan-19,41.608
26-Jan-19,0
27-Jan-19,0
28-Jan-19,0.035
29-Jan-19,0
30-Jan-19,15.667
31-Jan-19,0.61
1-Feb-19,0
2-Feb-19,0
3-Feb-19,0
4-Feb-19,0.305
5-Feb-19,0
6-Feb-19,0
7-Feb-19,6.476
8-Feb-19,5.176
9-Feb-19,0.121
10-Feb-19,0
11-Feb-19,0
12-Feb-19,0
13-Feb-19,29.52
14-Feb-19,0.64
15-Feb-19,0
16-Feb-19,5.95
17-Feb-19,0
18-Feb-19,0.001
19-Feb-19,1.727
20-Feb-19,0
21-Feb-19,4.871
22-Feb-19,0
23-Feb-19,0
24-Feb-19,0.705
25-Feb-19,17.344
26-Feb-19,0
27-Feb-19,0
28-Feb-19,0.453
1-Mar-19,0
2-Mar-19,0
3-Mar-19,0
4-Mar-19,10.967
5-Mar-19,2.372
6-Mar-19,0
7-Mar-19,0
8-Mar-19,0
9-Mar-19,0
10-Mar-19,0
11-Mar-19,15.793
12-Mar-19,0
13-Mar-19,0
14-Mar-19,1.957
15-Mar-19,1.197
16-Mar-19,0.621
17-Mar-19,0.004
18-Mar-19,0
19-Mar-19,0
20-Mar-19,0
21-Mar-19,0
22-Mar-19,1.527
23-Mar-19,20.095
24-Mar-19,0
25-Mar-19,0
26-Mar-19,0
27-Mar-19,0
28-Mar-19,0
29-Mar-19,0.004
30-Mar-19,0.011
1-Apr-19,8.99
2-Apr-19,0
3-Apr-19,0.98
4-Apr-19,0
5-Apr-19,0
6-Apr-19,2.447
7-Apr-19,0
8-Apr-19,6.042
9-Apr-19,14.801
10-Apr-19,5.036
11-Apr-19,0
12-Apr-19,0
13-Apr-19,0.76
14-Apr-19,0
15-Apr-19,12.574
16-Apr-19,4.968
17-Apr-19,0
18-Apr-19,0
19-Apr-19,1.875
20-Apr-19,11.996
21-Apr-19,10.506
22-Apr-19,0
23-Apr-19,13.5
24-Apr-19,5.468
25-Apr-19,0
26-Apr-19,0
27-Apr-19,46.196
28-Apr-19,1.52
29-Apr-19,0
30-Apr-19,0
1-May-19,0.013
2-May-19,12.538
3-May-19,4.537
4-May-19,8.582
5-May-19,0
6-May-19,0
7-May-19,0
8-May-19,0.995
9-May-19,0
10-May-19,4.468
11-May-19,9.528
12-May-19,0
13-May-19,0
14-May-19,11.432
15-May-19,2.059
16-May-19,0
17-May-19,1.182
18-May-19,5.739
19-May-19,0
20-May-19,13.897
21-May-19,6.672
22-May-19,0
23-May-19,0
24-May-19,7.194
25-May-19,0
26-May-19,11.901
27-May-19,2.777
28-May-19,0
29-May-19,22.959
30-May-19,0
31-May-19,0
1-Jun-19,0
2-Jun-19,0
3-Jun-19,5.32
4-Jun-19,0
5-Jun-19,4.981
6-Jun-19,22.962
7-Jun-19,0.473
8-Jun-19,0
9-Jun-19,0
10-Jun-19,0
11-Jun-19,18.219
12-Jun-19,7.725
13-Jun-19,0
14-Jun-19,14.483
15-Jun-19,0.746
16-Jun-19,0
17-Jun-19,0.894
18-Jun-19,0
19-Jun-19,0
