system:time_start,LST_Day_1km
1-Jan-08,
2-Jan-08,"13,460.40"
3-Jan-08,"13,016.31"
4-Jan-08,"13,518.46"
5-Jan-08,"13,506.41"
6-Jan-08,
7-Jan-08,
8-Jan-08,"13,980.84"
9-Jan-08,
10-Jan-08,"13,826.59"
11-Jan-08,
12-Jan-08,"13,601.60"
13-Jan-08,"13,701.89"
14-Jan-08,
15-Jan-08,"13,583.65"
16-Jan-08,"13,526.56"
17-Jan-08,
18-Jan-08,"13,692.01"
19-Jan-08,
20-Jan-08,"13,443.99"
21-Jan-08,"13,259.94"
22-Jan-08,
23-Jan-08,"13,566.28"
24-Jan-08,
25-Jan-08,"13,375.71"
26-Jan-08,"13,428.74"
27-Jan-08,
28-Jan-08,"13,635.93"
29-Jan-08,
30-Jan-08,
31-Jan-08,"13,638.00"
1-Feb-08,
2-Feb-08,"13,763.05"
3-Feb-08,
4-Feb-08,"13,714.21"
5-Feb-08,
6-Feb-08,
7-Feb-08,
8-Feb-08,
9-Feb-08,"12,788.45"
10-Feb-08,
11-Feb-08,"13,234.38"
12-Feb-08,"13,329.40"
13-Feb-08,
14-Feb-08,"13,613.93"
15-Feb-08,
16-Feb-08,"13,413.27"
17-Feb-08,
18-Feb-08,
19-Feb-08,
20-Feb-08,"13,407.93"
21-Feb-08,"13,471.59"
22-Feb-08,"12,970.49"
23-Feb-08,"13,512.74"
24-Feb-08,"13,614.61"
25-Feb-08,"13,734.38"
26-Feb-08,
27-Feb-08,
28-Feb-08,
29-Feb-08,"13,212.01"
1-Mar-08,
2-Mar-08,"13,577.18"
3-Mar-08,
4-Mar-08,
5-Mar-08,
6-Mar-08,"13,713.73"
7-Mar-08,
8-Mar-08,
9-Mar-08,"13,550.81"
10-Mar-08,
11-Mar-08,"13,679.53"
12-Mar-08,
13-Mar-08,"13,665.67"
14-Mar-08,"13,698.05"
15-Mar-08,
16-Mar-08,
17-Mar-08,"13,700.70"
18-Mar-08,"13,795.61"
19-Mar-08,
20-Mar-08,
21-Mar-08,
22-Mar-08,"13,695.66"
23-Mar-08,"13,708.08"
24-Mar-08,"13,719.57"
25-Mar-08,"13,675.59"
26-Mar-08,
27-Mar-08,
28-Mar-08,
29-Mar-08,"13,448.79"
30-Mar-08,"13,815.31"
31-Mar-08,
1-Apr-08,
2-Apr-08,"13,811.02"
3-Apr-08,"13,884.23"
4-Apr-08,
5-Apr-08,
6-Apr-08,
7-Apr-08,"13,949.76"
8-Apr-08,"13,882.82"
9-Apr-08,"13,824.40"
10-Apr-08,"14,050.02"
11-Apr-08,
12-Apr-08,
13-Apr-08,
14-Apr-08,"14,001.16"
15-Apr-08,"14,241.54"
16-Apr-08,"14,455.37"
17-Apr-08,"14,568.19"
18-Apr-08,"14,844.82"
19-Apr-08,"14,593.70"
20-Apr-08,"14,340.19"
21-Apr-08,"14,527.76"
22-Apr-08,"14,538.15"
23-Apr-08,"14,888.93"
24-Apr-08,"14,806.94"
25-Apr-08,"14,685.80"
26-Apr-08,"14,582.20"
27-Apr-08,
28-Apr-08,
29-Apr-08,
30-Apr-08,"14,136.68"
1-May-08,"14,292.24"
2-May-08,"14,185.91"
3-May-08,
4-May-08,
5-May-08,"14,677.48"
6-May-08,"14,797.30"
7-May-08,"14,730.87"
8-May-08,"14,974.83"
9-May-08,
10-May-08,
11-May-08,"14,700.32"
12-May-08,
13-May-08,
14-May-08,"14,763.31"
15-May-08,"14,671.94"
16-May-08,"14,270.36"
17-May-08,"14,417.34"
18-May-08,
19-May-08,"14,418.73"
20-May-08,"14,239.01"
21-May-08,"14,197.15"
22-May-08,
23-May-08,"14,488.44"
24-May-08,"14,381.89"
25-May-08,"14,856.85"
26-May-08,
27-May-08,"15,092.28"
28-May-08,"14,644.90"
29-May-08,"14,940.89"
30-May-08,"14,512.81"
31-May-08,
1-Jun-08,"14,624.35"
2-Jun-08,"14,554.54"
3-Jun-08,
4-Jun-08,
5-Jun-08,
6-Jun-08,
7-Jun-08,"14,921.63"
8-Jun-08,"15,229.03"
9-Jun-08,
10-Jun-08,"14,947.27"
11-Jun-08,"14,993.40"
12-Jun-08,"14,894.70"
13-Jun-08,"15,018.33"
14-Jun-08,"14,778.43"
15-Jun-08,
16-Jun-08,
17-Jun-08,"14,625.88"
18-Jun-08,"14,640.44"
19-Jun-08,"14,462.36"
20-Jun-08,"14,437.70"
21-Jun-08,"14,567.85"
22-Jun-08,
23-Jun-08,
24-Jun-08,"14,705.11"
25-Jun-08,"14,665.97"
26-Jun-08,
27-Jun-08,
28-Jun-08,
29-Jun-08,"14,658.53"
30-Jun-08,"14,833.45"
1-Jul-08,"14,924.15"
2-Jul-08,"14,735.18"
3-Jul-08,"14,989.40"
4-Jul-08,"14,941.97"
5-Jul-08,"14,873.37"
6-Jul-08,"14,917.93"
7-Jul-08,"14,735.24"
8-Jul-08,"15,031.94"
9-Jul-08,"15,015.36"
10-Jul-08,"14,993.60"
11-Jul-08,
12-Jul-08,"14,799.92"
13-Jul-08,"14,998.37"
14-Jul-08,
15-Jul-08,"15,011.48"
16-Jul-08,"15,155.29"
17-Jul-08,"14,866.03"
18-Jul-08,
19-Jul-08,"14,668.08"
20-Jul-08,
21-Jul-08,
22-Jul-08,"14,794.73"
23-Jul-08,
24-Jul-08,
25-Jul-08,"14,952.22"
26-Jul-08,"14,843.33"
27-Jul-08,"14,975.73"
28-Jul-08,"14,937.81"
29-Jul-08,"14,922.84"
30-Jul-08,
31-Jul-08,
1-Aug-08,"14,918.24"
2-Aug-08,
3-Aug-08,"14,855.10"
4-Aug-08,"14,671.93"
5-Aug-08,"14,675.85"
6-Aug-08,
7-Aug-08,
8-Aug-08,
9-Aug-08,"14,508.82"
10-Aug-08,"14,728.89"
11-Aug-08,
12-Aug-08,"14,480.60"
13-Aug-08,"14,668.80"
14-Aug-08,"14,682.00"
15-Aug-08,"14,949.42"
16-Aug-08,"14,756"
17-Aug-08,"14,460.46"
18-Aug-08,"14,844.31"
19-Aug-08,"14,635.14"
20-Aug-08,"14,675.98"
21-Aug-08,"14,936.64"
22-Aug-08,"14,969.96"
23-Aug-08,"15,020.10"
24-Aug-08,"14,891.82"
25-Aug-08,
26-Aug-08,"14,781.79"
27-Aug-08,"14,810.23"
28-Aug-08,"14,584.74"
29-Aug-08,"14,690.47"
30-Aug-08,"14,877.76"
31-Aug-08,"14,856.55"
1-Sep-08,"14,920.91"
2-Sep-08,"14,690.32"
3-Sep-08,"14,776.18"
4-Sep-08,"15,097.32"
5-Sep-08,"14,799.07"
6-Sep-08,
7-Sep-08,"14,717.17"
8-Sep-08,"14,732.37"
9-Sep-08,
10-Sep-08,"14,576.06"
11-Sep-08,"14,556.04"
12-Sep-08,
13-Sep-08,"14,827.78"
14-Sep-08,
15-Sep-08,"14,816.85"
16-Sep-08,
17-Sep-08,"14,679.37"
18-Sep-08,"14,595.33"
19-Sep-08,"14,409.39"
20-Sep-08,"14,612.74"
21-Sep-08,"14,668.24"
22-Sep-08,"14,549.61"
23-Sep-08,"14,488.57"
24-Sep-08,"14,614.00"
25-Sep-08,
26-Sep-08,
27-Sep-08,
28-Sep-08,
29-Sep-08,"14,601.25"
30-Sep-08,
1-Oct-08,
2-Oct-08,"14,341.66"
3-Oct-08,
4-Oct-08,"14,323.58"
5-Oct-08,"14,356.78"
6-Oct-08,"14,192.97"
7-Oct-08,"14,493.13"
8-Oct-08,
9-Oct-08,"14,660.16"
10-Oct-08,"14,628.44"
11-Oct-08,"14,597.82"
12-Oct-08,"14,547.35"
13-Oct-08,
14-Oct-08,
15-Oct-08,"14,405.23"
16-Oct-08,
17-Oct-08,"14,363.97"
18-Oct-08,"14,282.57"
19-Oct-08,"14,179.90"
20-Oct-08,"14,348.03"
21-Oct-08,"13,983.37"
22-Oct-08,
23-Oct-08,"14,083.71"
24-Oct-08,"14,395.28"
25-Oct-08,
26-Oct-08,"14,546.46"
27-Oct-08,"14,509.32"
28-Oct-08,
29-Oct-08,
30-Oct-08,
31-Oct-08,"14,268.76"
1-Nov-08,"14,134.50"
2-Nov-08,"13,992.85"
3-Nov-08,"13,985.33"
4-Nov-08,"14,423.41"
5-Nov-08,
6-Nov-08,
7-Nov-08,
8-Nov-08,
9-Nov-08,"14,144.19"
10-Nov-08,"13,966.29"
11-Nov-08,"13,862.10"
12-Nov-08,"13,984.37"
13-Nov-08,
14-Nov-08,"13,691.61"
15-Nov-08,
16-Nov-08,"14,014"
17-Nov-08,"13,864.18"
18-Nov-08,"13,741.87"
19-Nov-08,"13,684.02"
20-Nov-08,"13,671.10"
21-Nov-08,"13,677.34"
22-Nov-08,
23-Nov-08,"13,631.26"
24-Nov-08,"13,760.85"
25-Nov-08,
26-Nov-08,"13,792.90"
27-Nov-08,"13,870.63"
28-Nov-08,
29-Nov-08,"13,801.61"
30-Nov-08,
1-Dec-08,
2-Dec-08,"13,818.53"
3-Dec-08,"13,851.53"
4-Dec-08,
5-Dec-08,"13,532.35"
6-Dec-08,
7-Dec-08,
8-Dec-08,"13,362.36"
9-Dec-08,"13,453"
10-Dec-08,
11-Dec-08,
12-Dec-08,"13,704.45"
13-Dec-08,"13,504.34"
14-Dec-08,
15-Dec-08,
16-Dec-08,
17-Dec-08,
18-Dec-08,"13,630.75"
19-Dec-08,
20-Dec-08,
21-Dec-08,
22-Dec-08,
23-Dec-08,"13,511.21"
24-Dec-08,
25-Dec-08,"13,759.90"
26-Dec-08,"13,358.07"
27-Dec-08,
28-Dec-08,"13,818.93"
29-Dec-08,"13,852.86"
30-Dec-08,"13,619.80"
1-Jan-09,"13,351.53"
2-Jan-09,"13,312.52"
3-Jan-09,"13,482.22"
4-Jan-09,"13,630.31"
5-Jan-09,"13,611.39"
6-Jan-09,"13,633.22"
7-Jan-09,
8-Jan-09,
9-Jan-09,"13,305.86"
10-Jan-09,"13,414.98"
11-Jan-09,"13,298.44"
12-Jan-09,"13,233.91"
13-Jan-09,
14-Jan-09,"13,128.52"
15-Jan-09,"13,176.98"
16-Jan-09,"13,050.63"
17-Jan-09,"13,086.75"
18-Jan-09,
19-Jan-09,
20-Jan-09,"13,242.05"
21-Jan-09,"13,188.73"
22-Jan-09,
23-Jan-09,
24-Jan-09,"13,281.97"
25-Jan-09,"13,276.80"
26-Jan-09,"13,100.07"
27-Jan-09,"13,341.63"
28-Jan-09,
29-Jan-09,"13,541.93"
30-Jan-09,
31-Jan-09,
1-Feb-09,
2-Feb-09,
3-Feb-09,
4-Feb-09,"13,248"
5-Feb-09,"13,088.97"
6-Feb-09,"13,247.82"
7-Feb-09,
8-Feb-09,"13,796.32"
9-Feb-09,"13,520.84"
10-Feb-09,
11-Feb-09,"13,766.68"
12-Feb-09,
13-Feb-09,"13,456.72"
14-Feb-09,"13,704.28"
15-Feb-09,"13,687.66"
16-Feb-09,
17-Feb-09,"13,654.72"
18-Feb-09,
19-Feb-09,
20-Feb-09,
21-Feb-09,"13,559.97"
22-Feb-09,
23-Feb-09,"13,366.20"
24-Feb-09,"13,521.38"
25-Feb-09,"13,445.43"
26-Feb-09,
27-Feb-09,
28-Feb-09,"13,674.93"
1-Mar-09,
2-Mar-09,
3-Mar-09,"13,413.48"
4-Mar-09,"13,383.93"
5-Mar-09,"13,572.35"
6-Mar-09,
7-Mar-09,"13,919.92"
8-Mar-09,"13,860.75"
9-Mar-09,
10-Mar-09,
11-Mar-09,
12-Mar-09,"13,454.00"
13-Mar-09,"13,586.86"
14-Mar-09,"13,827.67"
15-Mar-09,"13,898.33"
16-Mar-09,"13,762.86"
17-Mar-09,"13,823.81"
18-Mar-09,
19-Mar-09,
20-Mar-09,"13,781.73"
21-Mar-09,"13,760.71"
22-Mar-09,
23-Mar-09,"13,543.63"
24-Mar-09,"13,553.09"
25-Mar-09,"14,007.13"
26-Mar-09,
27-Mar-09,"13,950.51"
28-Mar-09,
29-Mar-09,
30-Mar-09,
31-Mar-09,"14,081.00"
1-Apr-09,
2-Apr-09,"13,984.94"
3-Apr-09,
4-Apr-09,"14,148.31"
5-Apr-09,"14,241.70"
6-Apr-09,
7-Apr-09,
8-Apr-09,
9-Apr-09,"14,428.03"
10-Apr-09,"14,214.88"
11-Apr-09,
12-Apr-09,"13,761"
13-Apr-09,"14,319.14"
14-Apr-09,"14,451.56"
15-Apr-09,"14,424.29"
16-Apr-09,"14,523.79"
17-Apr-09,"14,534.98"
18-Apr-09,
19-Apr-09,"14,472.62"
20-Apr-09,
21-Apr-09,
22-Apr-09,"14,402.31"
23-Apr-09,"14,197.86"
24-Apr-09,"14,262.08"
25-Apr-09,"15,169.15"
26-Apr-09,
27-Apr-09,"14,645.94"
28-Apr-09,"15,087.80"
29-Apr-09,"14,570.82"
30-Apr-09,"14,426.74"
1-May-09,
2-May-09,"14,444.31"
3-May-09,
4-May-09,
5-May-09,
6-May-09,"14,377.12"
7-May-09,
8-May-09,
9-May-09,"14,834.50"
10-May-09,
11-May-09,"14,532.42"
12-May-09,"14,410.22"
13-May-09,"14,558.72"
14-May-09,
15-May-09,"14,625.33"
16-May-09,
17-May-09,
18-May-09,"13,862.32"
19-May-09,"14,608.22"
20-May-09,
21-May-09,"15,172.23"
22-May-09,"15,080.58"
23-May-09,
24-May-09,
25-May-09,"14,753.74"
26-May-09,"14,300.26"
27-May-09,
28-May-09,
29-May-09,
30-May-09,"14,764.52"
31-May-09,
1-Jun-09,"14,754.85"
2-Jun-09,"14,730.93"
3-Jun-09,"14,490.64"
4-Jun-09,"14,662.91"
5-Jun-09,
6-Jun-09,"14,805.81"
7-Jun-09,"14,357.92"
8-Jun-09,"14,382.79"
9-Jun-09,
10-Jun-09,
11-Jun-09,
12-Jun-09,"14,718.82"
13-Jun-09,"14,620.41"
14-Jun-09,
15-Jun-09,
16-Jun-09,"14,689.52"
17-Jun-09,"14,929.26"
18-Jun-09,
19-Jun-09,
20-Jun-09,
21-Jun-09,
22-Jun-09,
23-Jun-09,
24-Jun-09,
25-Jun-09,"14,694.39"
26-Jun-09,"14,500.28"
27-Jun-09,"14,749.33"
28-Jun-09,
29-Jun-09,
30-Jun-09,
1-Jul-09,
2-Jul-09,
3-Jul-09,"14,768.71"
4-Jul-09,"14,616.75"
5-Jul-09,"14,746.91"
6-Jul-09,"14,823.14"
7-Jul-09,
8-Jul-09,
9-Jul-09,"14,670.90"
10-Jul-09,"14,918.59"
11-Jul-09,"14,840.24"
12-Jul-09,"14,874.16"
13-Jul-09,"14,669.80"
14-Jul-09,
15-Jul-09,"14,778.91"
16-Jul-09,
17-Jul-09,"14,882.31"
18-Jul-09,"14,725.85"
19-Jul-09,"14,895.29"
20-Jul-09,"14,779.18"
21-Jul-09,
22-Jul-09,"14,606.18"
23-Jul-09,
24-Jul-09,
25-Jul-09,"14,611.70"
26-Jul-09,
27-Jul-09,"14,534.61"
28-Jul-09,"15,018.45"
29-Jul-09,
30-Jul-09,"14,905.71"
31-Jul-09,
1-Aug-09,"14,985.53"
2-Aug-09,
3-Aug-09,"14,885.54"
4-Aug-09,"14,879.38"
5-Aug-09,"14,581.97"
6-Aug-09,"14,669.66"
7-Aug-09,"14,674.22"
8-Aug-09,"14,822.26"
9-Aug-09,"14,653.96"
10-Aug-09,"14,802.57"
11-Aug-09,"14,809.21"
12-Aug-09,"14,741.87"
13-Aug-09,"14,798.02"
14-Aug-09,"14,962.32"
15-Aug-09,"15,065.71"
16-Aug-09,"14,994.98"
17-Aug-09,"15,080.62"
18-Aug-09,"15,188.63"
19-Aug-09,"15,027.73"
20-Aug-09,"14,963.30"
21-Aug-09,
22-Aug-09,"14,895.17"
23-Aug-09,"15,025.32"
24-Aug-09,"14,879.16"
25-Aug-09,"14,813.16"
26-Aug-09,
27-Aug-09,"14,575.12"
28-Aug-09,"14,342.47"
29-Aug-09,
30-Aug-09,"14,763.91"
31-Aug-09,
1-Sep-09,"14,721.67"
2-Sep-09,"14,836.69"
3-Sep-09,"14,921.89"
4-Sep-09,"14,918.03"
5-Sep-09,"14,938.47"
6-Sep-09,"14,633.03"
7-Sep-09,"14,577.78"
8-Sep-09,
9-Sep-09,"14,508.32"
10-Sep-09,"14,467.64"
11-Sep-09,
12-Sep-09,
13-Sep-09,"14,666.55"
14-Sep-09,
15-Sep-09,"14,633.56"
16-Sep-09,"14,523.09"
17-Sep-09,"14,408.51"
18-Sep-09,"14,584.73"
19-Sep-09,"14,519.13"
20-Sep-09,"14,649.62"
21-Sep-09,"14,798.66"
22-Sep-09,
23-Sep-09,
24-Sep-09,"14,631.24"
25-Sep-09,"14,455.17"
26-Sep-09,"14,495.03"
27-Sep-09,
28-Sep-09,"14,697.47"
29-Sep-09,"14,514.25"
30-Sep-09,
1-Oct-09,
2-Oct-09,"14,256.66"
3-Oct-09,
4-Oct-09,
5-Oct-09,"14,368.15"
6-Oct-09,"14,014.42"
7-Oct-09,"14,050.99"
8-Oct-09,"14,128.74"
9-Oct-09,
10-Oct-09,"14,156"
11-Oct-09,"14,268.73"
12-Oct-09,"14,237.14"
13-Oct-09,
14-Oct-09,"13,985.08"
15-Oct-09,
16-Oct-09,
17-Oct-09,"14,118.40"
18-Oct-09,
19-Oct-09,"14,263.62"
20-Oct-09,"14,354.13"
21-Oct-09,"14,408.39"
22-Oct-09,
23-Oct-09,"14,104.43"
24-Oct-09,
25-Oct-09,"14,444.94"
26-Oct-09,"14,289.26"
27-Oct-09,"13,996.61"
28-Oct-09,
29-Oct-09,"14,183.49"
30-Oct-09,
31-Oct-09,"14,309.69"
1-Nov-09,"14,306.32"
2-Nov-09,"14,163.68"
3-Nov-09,"14,207.70"
4-Nov-09,"14,003.87"
5-Nov-09,
6-Nov-09,"13,906.55"
7-Nov-09,"14,016.87"
8-Nov-09,"14,479.71"
9-Nov-09,"14,224.51"
10-Nov-09,
11-Nov-09,"13,928.53"
12-Nov-09,
13-Nov-09,
14-Nov-09,
15-Nov-09,
16-Nov-09,"14,246.48"
17-Nov-09,"14,097.62"
18-Nov-09,"14,132.25"
19-Nov-09,"14,209.48"
20-Nov-09,"14,298.99"
21-Nov-09,"14,137.43"
22-Nov-09,"14,096.49"
23-Nov-09,
24-Nov-09,
25-Nov-09,
26-Nov-09,
27-Nov-09,
28-Nov-09,
29-Nov-09,"14,023.94"
30-Nov-09,
1-Dec-09,"13,854.93"
2-Dec-09,
3-Dec-09,"14,399.96"
4-Dec-09,"13,981.78"
5-Dec-09,
6-Dec-09,"13,747.52"
7-Dec-09,
8-Dec-09,
9-Dec-09,
10-Dec-09,"13,709.29"
11-Dec-09,"13,361.89"
12-Dec-09,"13,542.78"
13-Dec-09,"13,592.45"
14-Dec-09,"13,642.53"
15-Dec-09,
16-Dec-09,"13,489.21"
17-Dec-09,"13,428.82"
18-Dec-09,"13,380.53"
19-Dec-09,
20-Dec-09,
21-Dec-09,
22-Dec-09,"13,573.83"
23-Dec-09,"13,377.35"
24-Dec-09,"13,857.15"
25-Dec-09,
26-Dec-09,
27-Dec-09,
28-Dec-09,
29-Dec-09,
30-Dec-09,"13,349.08"
31-Dec-09,
1-Jan-10,
2-Jan-10,
3-Jan-10,
4-Jan-10,"13,597.86"
5-Jan-10,
6-Jan-10,"13,464.63"
7-Jan-10,"13,611.06"
8-Jan-10,
9-Jan-10,"13,456.61"
10-Jan-10,"13,363.43"
11-Jan-10,
12-Jan-10,"13,469.43"
13-Jan-10,"13,493.10"
14-Jan-10,"13,502.67"
15-Jan-10,"13,785.80"
16-Jan-10,"13,761.94"
17-Jan-10,
18-Jan-10,
19-Jan-10,
20-Jan-10,
21-Jan-10,"13,537.46"
22-Jan-10,
23-Jan-10,"13,560.98"
24-Jan-10,"13,574.96"
25-Jan-10,
26-Jan-10,"13,806.07"
27-Jan-10,"13,770.63"
28-Jan-10,
29-Jan-10,"13,319.64"
30-Jan-10,"13,321.76"
31-Jan-10,"13,437.92"
1-Feb-10,"13,510.79"
2-Feb-10,"13,525.20"
3-Feb-10,"13,525.03"
4-Feb-10,"13,510.40"
5-Feb-10,"13,576.03"
6-Feb-10,"13,118.10"
7-Feb-10,"13,468.11"
8-Feb-10,"13,343.58"
9-Feb-10,"13,788.50"
10-Feb-10,
11-Feb-10,"13,775.32"
12-Feb-10,"13,780.35"
13-Feb-10,
14-Feb-10,"13,226"
15-Feb-10,"13,679.04"
16-Feb-10,
17-Feb-10,"13,632.98"
18-Feb-10,"13,754.53"
19-Feb-10,"13,812.10"
20-Feb-10,"13,922.56"
21-Feb-10,"13,807.48"
22-Feb-10,"13,829.48"
23-Feb-10,
24-Feb-10,
25-Feb-10,
26-Feb-10,
27-Feb-10,
28-Feb-10,
1-Mar-10,
2-Mar-10,"13,998.69"
3-Mar-10,
4-Mar-10,
5-Mar-10,"13,952.32"
6-Mar-10,"14,106.42"
7-Mar-10,"14,273.76"
8-Mar-10,"14,173.14"
9-Mar-10,"14,098.51"
10-Mar-10,"14,063.38"
11-Mar-10,
12-Mar-10,
13-Mar-10,
14-Mar-10,
15-Mar-10,
16-Mar-10,"14,367.13"
17-Mar-10,"14,460.10"
18-Mar-10,"14,203.23"
19-Mar-10,"14,422.02"
20-Mar-10,"14,341.45"
21-Mar-10,
22-Mar-10,"13,916.06"
23-Mar-10,
24-Mar-10,
25-Mar-10,
26-Mar-10,
27-Mar-10,"13,984.64"
28-Mar-10,"13,789.93"
29-Mar-10,
30-Mar-10,
31-Mar-10,
1-Apr-10,"14,552.41"
2-Apr-10,"14,479.04"
3-Apr-10,"14,815.48"
4-Apr-10,"14,743.91"
5-Apr-10,
6-Apr-10,
7-Apr-10,"14,933.42"
8-Apr-10,
9-Apr-10,
10-Apr-10,"14,266.38"
11-Apr-10,"14,423.45"
12-Apr-10,"14,294.88"
13-Apr-10,"14,425.97"
14-Apr-10,"14,523.78"
15-Apr-10,"14,451.37"
16-Apr-10,
17-Apr-10,
18-Apr-10,"13,857.08"
19-Apr-10,"14,413.96"
20-Apr-10,"14,143"
21-Apr-10,"14,597.00"
22-Apr-10,"14,259.58"
23-Apr-10,
24-Apr-10,"14,714.84"
25-Apr-10,"14,664.08"
26-Apr-10,"14,371.15"
27-Apr-10,
28-Apr-10,
29-Apr-10,"14,088.35"
30-Apr-10,
1-May-10,"14,703.10"
2-May-10,
3-May-10,"14,292"
4-May-10,"14,482.81"
5-May-10,"14,868.70"
6-May-10,"14,563.29"
7-May-10,"14,558.45"
8-May-10,
9-May-10,
10-May-10,"14,174.34"
11-May-10,"14,457.38"
12-May-10,
13-May-10,"14,575.19"
14-May-10,"14,618.42"
15-May-10,"14,343.39"
16-May-10,"14,783.73"
17-May-10,"14,601.26"
18-May-10,
19-May-10,
20-May-10,"14,644.56"
21-May-10,"14,945.39"
22-May-10,
23-May-10,"14,923.90"
24-May-10,"14,873.16"
25-May-10,"15,190.29"
26-May-10,"15,166.35"
27-May-10,"14,890.00"
28-May-10,"14,941.05"
29-May-10,
30-May-10,"14,758.01"
31-May-10,"14,755.95"
1-Jun-10,
2-Jun-10,"14,844.11"
3-Jun-10,
4-Jun-10,"14,779.43"
5-Jun-10,"14,460.51"
6-Jun-10,
7-Jun-10,"14,468.58"
8-Jun-10,"14,605.30"
9-Jun-10,"14,337.80"
10-Jun-10,
11-Jun-10,
12-Jun-10,
13-Jun-10,
14-Jun-10,
15-Jun-10,"14,845.25"
16-Jun-10,
17-Jun-10,
18-Jun-10,"15,142.49"
19-Jun-10,"15,128.27"
20-Jun-10,"15,060.01"
21-Jun-10,"14,885.59"
22-Jun-10,"14,747.89"
23-Jun-10,"14,622.79"
24-Jun-10,"14,993.76"
25-Jun-10,"14,864.33"
26-Jun-10,
27-Jun-10,
28-Jun-10,
29-Jun-10,"15,123.43"
1-Jul-10,"14,547.88"
2-Jul-10,"14,869.24"
3-Jul-10,"15,091.55"
4-Jul-10,
5-Jul-10,"15,182.68"
6-Jul-10,"15,098.15"
7-Jul-10,"15,090.38"
8-Jul-10,"15,108.79"
9-Jul-10,"14,887.11"
10-Jul-10,
11-Jul-10,"14,887.52"
12-Jul-10,"15,087.88"
13-Jul-10,
14-Jul-10,
15-Jul-10,"14,940.54"
16-Jul-10,"14,750.05"
17-Jul-10,"15,171.20"
18-Jul-10,"14,981"
19-Jul-10,
20-Jul-10,
21-Jul-10,"14,995.24"
22-Jul-10,"14,811.94"
23-Jul-10,
24-Jul-10,"14,831.90"
25-Jul-10,
26-Jul-10,"14,938.23"
27-Jul-10,"14,866.04"
28-Jul-10,"15,084.11"
29-Jul-10,"14,930.05"
30-Jul-10,"14,666.16"
31-Jul-10,"14,732.53"
1-Aug-10,"14,781.05"
2-Aug-10,"14,926.29"
3-Aug-10,
4-Aug-10,"15,156.44"
5-Aug-10,
6-Aug-10,"15,018.90"
7-Aug-10,"14,800.13"
8-Aug-10,"14,875.29"
9-Aug-10,"15,042.61"
10-Aug-10,"15,043.34"
11-Aug-10,"15,062.47"
12-Aug-10,"14,728.99"
13-Aug-10,"14,795.03"
14-Aug-10,
15-Aug-10,"14,881.03"
16-Aug-10,
17-Aug-10,"14,640"
18-Aug-10,
19-Aug-10,"15,031.54"
20-Aug-10,"14,954.02"
21-Aug-10,
22-Aug-10,
23-Aug-10,
24-Aug-10,
25-Aug-10,
26-Aug-10,"14,646.38"
27-Aug-10,"14,823.49"
28-Aug-10,"14,883.54"
29-Aug-10,"15,174.66"
30-Aug-10,"15,205.12"
31-Aug-10,"15,064.85"
1-Sep-10,"15,199.55"
2-Sep-10,"15,178.33"
3-Sep-10,"15,233.14"
4-Sep-10,"14,824.86"
5-Sep-10,"14,673.50"
6-Sep-10,"14,795.48"
7-Sep-10,"14,813.61"
8-Sep-10,"14,709.15"
9-Sep-10,"14,604.86"
10-Sep-10,"14,496.86"
11-Sep-10,"14,710.97"
12-Sep-10,
13-Sep-10,
14-Sep-10,"14,566.95"
15-Sep-10,"14,404.91"
16-Sep-10,"14,246.10"
17-Sep-10,"14,506.72"
18-Sep-10,"14,492.62"
19-Sep-10,
20-Sep-10,"14,600.62"
21-Sep-10,
22-Sep-10,
23-Sep-10,"14,646.01"
24-Sep-10,"14,800.69"
25-Sep-10,"14,787.15"
26-Sep-10,
27-Sep-10,
28-Sep-10,
29-Sep-10,"14,459.57"
30-Sep-10,
1-Oct-10,
2-Oct-10,"14,498.03"
3-Oct-10,
4-Oct-10,"14,380.07"
5-Oct-10,"14,481.40"
6-Oct-10,
7-Oct-10,"14,316.72"
8-Oct-10,"14,601.00"
9-Oct-10,"14,304.28"
10-Oct-10,"14,473.55"
11-Oct-10,"14,452.54"
12-Oct-10,"14,435.61"
13-Oct-10,"14,378.36"
14-Oct-10,
15-Oct-10,
16-Oct-10,"14,052.58"
17-Oct-10,"14,236.72"
18-Oct-10,"14,153.94"
19-Oct-10,"14,293.94"
20-Oct-10,"14,237.61"
21-Oct-10,
22-Oct-10,"13,975.55"
23-Oct-10,"14,213.83"
24-Oct-10,
25-Oct-10,
26-Oct-10,"14,401.86"
27-Oct-10,
28-Oct-10,"14,598.66"
29-Oct-10,
30-Oct-10,
31-Oct-10,"13,977.03"
1-Nov-10,"14,053.04"
2-Nov-10,"14,135.50"
3-Nov-10,
4-Nov-10,
5-Nov-10,
6-Nov-10,
7-Nov-10,
8-Nov-10,
9-Nov-10,
10-Nov-10,"14,092.26"
11-Nov-10,"14,224.54"
12-Nov-10,"14,314.10"
13-Nov-10,"14,445.96"
14-Nov-10,"14,042.22"
15-Nov-10,
16-Nov-10,
17-Nov-10,"14,336.75"
18-Nov-10,"14,009.83"
19-Nov-10,"13,849.26"
20-Nov-10,"14,000.30"
21-Nov-10,"13,697.76"
22-Nov-10,
23-Nov-10,
24-Nov-10,"13,889.73"
25-Nov-10,
26-Nov-10,
27-Nov-10,"13,830.08"
28-Nov-10,"13,849.53"
29-Nov-10,"13,915.39"
30-Nov-10,
1-Dec-10,
2-Dec-10,"13,990.66"
3-Dec-10,
4-Dec-10,"13,782"
5-Dec-10,
6-Dec-10,
7-Dec-10,
8-Dec-10,"13,617.21"
9-Dec-10,"13,529.37"
10-Dec-10,
11-Dec-10,"13,820.84"
12-Dec-10,
13-Dec-10,
14-Dec-10,"13,651.80"
15-Dec-10,
16-Dec-10,"13,497.12"
17-Dec-10,"13,648.10"
18-Dec-10,"13,685.69"
19-Dec-10,"13,701.95"
20-Dec-10,
21-Dec-10,
22-Dec-10,
23-Dec-10,
24-Dec-10,"13,687.79"
25-Dec-10,
26-Dec-10,
27-Dec-10,
28-Dec-10,"13,510.33"
29-Dec-10,"13,728.44"
30-Dec-10,"13,717.04"
31-Dec-10,"13,559.84"
1-Jan-11,
2-Jan-11,
3-Jan-11,"13,597.99"
4-Jan-11,
5-Jan-11,"13,456"
6-Jan-11,"13,411.24"
7-Jan-11,
8-Jan-11,
9-Jan-11,"13,656.60"
10-Jan-11,"13,679.03"
11-Jan-11,"13,504.88"
12-Jan-11,
13-Jan-11,"13,579.71"
14-Jan-11,
15-Jan-11,"13,197"
16-Jan-11,"13,525.16"
17-Jan-11,"13,211.27"
18-Jan-11,
19-Jan-11,"12,782.03"
20-Jan-11,
21-Jan-11,
22-Jan-11,"13,336.54"
23-Jan-11,"13,232.28"
24-Jan-11,"12,942.79"
25-Jan-11,
26-Jan-11,
27-Jan-11,"13,351.78"
28-Jan-11,"13,540.64"
29-Jan-11,"13,477.84"
30-Jan-11,
31-Jan-11,"13,264.16"
1-Feb-11,
2-Feb-11,
3-Feb-11,"13,326.85"
4-Feb-11,"13,505.40"
5-Feb-11,"13,460.11"
6-Feb-11,"13,654.48"
7-Feb-11,"13,729.26"
8-Feb-11,
9-Feb-11,
10-Feb-11,"13,307.00"
11-Feb-11,"13,377.21"
12-Feb-11,
13-Feb-11,
14-Feb-11,
15-Feb-11,"13,274.12"
16-Feb-11,
17-Feb-11,"13,843.54"
18-Feb-11,
19-Feb-11,"13,534.31"
20-Feb-11,"13,551.89"
21-Feb-11,"13,302.23"
22-Feb-11,"13,591.34"
23-Feb-11,"13,599.47"
24-Feb-11,
25-Feb-11,
26-Feb-11,"13,213"
27-Feb-11,
28-Feb-11,
1-Mar-11,"13,614.18"
2-Mar-11,"13,654.43"
3-Mar-11,"13,391.15"
4-Mar-11,"13,445.86"
5-Mar-11,
6-Mar-11,
7-Mar-11,
8-Mar-11,"13,769.48"
9-Mar-11,
10-Mar-11,
11-Mar-11,
12-Mar-11,
13-Mar-11,
14-Mar-11,
15-Mar-11,"13,853.53"
16-Mar-11,
17-Mar-11,"13,957.58"
18-Mar-11,"14,013.68"
19-Mar-11,"13,807.55"
20-Mar-11,"13,839.90"
21-Mar-11,
22-Mar-11,
23-Mar-11,"13,655.02"
24-Mar-11,
25-Mar-11,"13,665.02"
26-Mar-11,"13,554.63"
27-Mar-11,"13,722.03"
28-Mar-11,"13,834.18"
29-Mar-11,"13,890.81"
30-Mar-11,"13,936.76"
31-Mar-11,
1-Apr-11,
2-Apr-11,
3-Apr-11,"13,917.63"
4-Apr-11,
5-Apr-11,
6-Apr-11,"13,844.34"
7-Apr-11,"14,037.70"
8-Apr-11,"13,984.55"
9-Apr-11,"14,316.46"
10-Apr-11,
11-Apr-11,
12-Apr-11,"14,130.78"
13-Apr-11,
14-Apr-11,"14,001.80"
15-Apr-11,"14,299.09"
16-Apr-11,
17-Apr-11,
18-Apr-11,
19-Apr-11,"14,120.03"
20-Apr-11,
21-Apr-11,"13,882.57"
22-Apr-11,"14,408.09"
23-Apr-11,
24-Apr-11,
25-Apr-11,
26-Apr-11,
27-Apr-11,
28-Apr-11,
29-Apr-11,"14,662.45"
30-Apr-11,"13,941.65"
1-May-11,"14,698.33"
2-May-11,"14,413.37"
3-May-11,
4-May-11,
5-May-11,
6-May-11,"14,562.52"
7-May-11,"14,565.64"
8-May-11,"14,772.31"
9-May-11,"14,159.34"
10-May-11,
11-May-11,"14,529.15"
12-May-11,"14,623.66"
13-May-11,"14,458.80"
14-May-11,
15-May-11,
16-May-11,
17-May-11,
18-May-11,
19-May-11,
20-May-11,
21-May-11,"14,603.17"
22-May-11,
23-May-11,
24-May-11,"14,449.16"
25-May-11,"14,449.10"
26-May-11,"14,895.73"
27-May-11,"14,939.45"
28-May-11,
29-May-11,"14,865.50"
30-May-11,"14,987.92"
31-May-11,"14,984.11"
1-Jun-11,
2-Jun-11,"14,662.39"
3-Jun-11,
4-Jun-11,"14,730.58"
5-Jun-11,"14,704.55"
6-Jun-11,"14,925.38"
7-Jun-11,"14,782.31"
8-Jun-11,"14,644.56"
9-Jun-11,"15,167.57"
10-Jun-11,"14,768.10"
11-Jun-11,
12-Jun-11,
13-Jun-11,
14-Jun-11,
15-Jun-11,"14,626.69"
16-Jun-11,"14,961.59"
17-Jun-11,
18-Jun-11,"14,970.11"
19-Jun-11,"14,844.45"
20-Jun-11,
21-Jun-11,"14,878.46"
22-Jun-11,
23-Jun-11,
24-Jun-11,
25-Jun-11,
26-Jun-11,
27-Jun-11,"15,035.80"
28-Jun-11,
29-Jun-11,"14,850.79"
30-Jun-11,"14,645.35"
1-Jul-11,"14,640.51"
2-Jul-11,"14,979.57"
3-Jul-11,
4-Jul-11,"15,018.65"
5-Jul-11,"14,849.77"
6-Jul-11,"15,131.17"
7-Jul-11,"14,922.46"
8-Jul-11,
9-Jul-11,"14,878.27"
10-Jul-11,"15,040.32"
11-Jul-11,"15,233.45"
12-Jul-11,"14,898.94"
13-Jul-11,"14,848.54"
14-Jul-11,"14,792.59"
15-Jul-11,"15,037.19"
16-Jul-11,"14,937.92"
17-Jul-11,"15,174.70"
18-Jul-11,
19-Jul-11,"15,057.24"
20-Jul-11,"15,156.87"
21-Jul-11,"14,669.34"
22-Jul-11,"15,389.77"
23-Jul-11,"15,228.61"
24-Jul-11,"15,036.05"
25-Jul-11,"14,812.59"
26-Jul-11,"14,607.70"
27-Jul-11,"14,864.51"
28-Jul-11,"14,855.09"
29-Jul-11,
30-Jul-11,"15,001.11"
31-Jul-11,"15,079.27"
1-Aug-11,"14,965.38"
2-Aug-11,
3-Aug-11,"14,621.05"
4-Aug-11,
5-Aug-11,"14,824.68"
6-Aug-11,"14,844.78"
7-Aug-11,
8-Aug-11,"14,880.93"
9-Aug-11,"14,670.49"
10-Aug-11,
11-Aug-11,"14,761.73"
12-Aug-11,"14,815.41"
13-Aug-11,"14,392.25"
14-Aug-11,
15-Aug-11,
16-Aug-11,
17-Aug-11,"14,974.90"
18-Aug-11,"14,835.29"
19-Aug-11,"14,947.45"
20-Aug-11,"14,928.88"
21-Aug-11,"15,010.32"
22-Aug-11,"14,732.87"
23-Aug-11,"14,627.49"
24-Aug-11,"14,768.45"
25-Aug-11,
26-Aug-11,"14,981.34"
27-Aug-11,
28-Aug-11,
29-Aug-11,"14,778.50"
30-Aug-11,"14,804.92"
31-Aug-11,
1-Sep-11,"14,644.54"
2-Sep-11,"14,765.51"
3-Sep-11,"14,785.05"
4-Sep-11,"15,015.93"
5-Sep-11,
6-Sep-11,
7-Sep-11,
8-Sep-11,"14,527.00"
9-Sep-11,
10-Sep-11,"14,714.64"
11-Sep-11,"14,609.48"
12-Sep-11,"14,893.89"
13-Sep-11,"14,957.56"
14-Sep-11,"14,670.06"
15-Sep-11,
16-Sep-11,"14,425.85"
17-Sep-11,"14,452.95"
18-Sep-11,"14,442.78"
19-Sep-11,"14,532.33"
20-Sep-11,
21-Sep-11,"14,544.35"
22-Sep-11,
23-Sep-11,
24-Sep-11,
25-Sep-11,"14,901.29"
26-Sep-11,"14,675.40"
27-Sep-11,"14,803.72"
28-Sep-11,"14,568.50"
29-Sep-11,
30-Sep-11,"14,567.62"
1-Oct-11,
2-Oct-11,
3-Oct-11,"14,472.12"
4-Oct-11,
5-Oct-11,"14,207.07"
6-Oct-11,"14,325.01"
7-Oct-11,"14,350.85"
8-Oct-11,"14,888.01"
9-Oct-11,"14,978.25"
10-Oct-11,"14,876.66"
11-Oct-11,"14,575.78"
12-Oct-11,
13-Oct-11,
14-Oct-11,
15-Oct-11,"14,445.51"
16-Oct-11,"14,301.01"
17-Oct-11,"14,427.72"
18-Oct-11,"14,435.73"
19-Oct-11,
20-Oct-11,
21-Oct-11,"14,231.56"
22-Oct-11,"14,052.12"
23-Oct-11,
24-Oct-11,
25-Oct-11,"14,242.03"
26-Oct-11,
27-Oct-11,
28-Oct-11,"14,066.50"
29-Oct-11,
30-Oct-11,"13,703.11"
31-Oct-11,"13,952.83"
1-Nov-11,"14,023.44"
2-Nov-11,"14,218.35"
3-Nov-11,"14,287.95"
4-Nov-11,"14,073.19"
5-Nov-11,"14,178.85"
6-Nov-11,"14,295.54"
7-Nov-11,"14,397.71"
8-Nov-11,"14,492.38"
9-Nov-11,"14,524.79"
10-Nov-11,
11-Nov-11,
12-Nov-11,"14,047.79"
13-Nov-11,"13,942"
14-Nov-11,
15-Nov-11,
16-Nov-11,
17-Nov-11,
18-Nov-11,"13,953.30"
19-Nov-11,"14,036.43"
20-Nov-11,
21-Nov-11,"13,941.84"
22-Nov-11,"13,920.40"
23-Nov-11,
24-Nov-11,"13,679.62"
25-Nov-11,"13,787.29"
26-Nov-11,
27-Nov-11,
28-Nov-11,
29-Nov-11,
30-Nov-11,"14,200.18"
1-Dec-11,"14,037.21"
2-Dec-11,"13,840.95"
3-Dec-11,"13,869.51"
4-Dec-11,"14,016.10"
5-Dec-11,
6-Dec-11,"14,273.04"
7-Dec-11,
8-Dec-11,"13,829.87"
9-Dec-11,
10-Dec-11,"13,826.05"
11-Dec-11,"13,758.18"
12-Dec-11,"14,076.48"
13-Dec-11,"13,798.41"
14-Dec-11,
15-Dec-11,
16-Dec-11,"13,969.04"
17-Dec-11,
18-Dec-11,"13,504.94"
19-Dec-11,
20-Dec-11,"13,670.38"
21-Dec-11,
22-Dec-11,"13,950.97"
23-Dec-11,
24-Dec-11,"13,468.06"
25-Dec-11,
26-Dec-11,"13,492.19"
27-Dec-11,
28-Dec-11,"13,850.46"
29-Dec-11,"13,568.36"
30-Dec-11,
31-Dec-11,
1-Jan-12,"13,779.83"
2-Jan-12,"13,830.20"
3-Jan-12,"13,489.60"
4-Jan-12,"13,322.39"
5-Jan-12,"13,652.57"
6-Jan-12,
7-Jan-12,"13,760.59"
8-Jan-12,"13,775.18"
9-Jan-12,
10-Jan-12,"13,839.92"
11-Jan-12,"13,615.87"
12-Jan-12,
13-Jan-12,
14-Jan-12,"13,484.19"
15-Jan-12,"13,415.02"
16-Jan-12,"13,316.74"
17-Jan-12,"13,573.42"
18-Jan-12,"13,627.42"
19-Jan-12,"13,380.12"
20-Jan-12,"13,454.39"
21-Jan-12,
22-Jan-12,"13,156.19"
23-Jan-12,
24-Jan-12,"13,903.04"
25-Jan-12,"13,711.69"
26-Jan-12,
27-Jan-12,
28-Jan-12,
29-Jan-12,"13,745.48"
30-Jan-12,"13,629.00"
31-Jan-12,
1-Feb-12,
2-Feb-12,
3-Feb-12,"13,582.67"
4-Feb-12,"13,650.82"
5-Feb-12,"13,530.55"
6-Feb-12,"13,846.93"
7-Feb-12,"13,652.14"
8-Feb-12,"13,614.61"
9-Feb-12,"13,858.31"
10-Feb-12,"13,897.17"
11-Feb-12,
12-Feb-12,"13,349.67"
13-Feb-12,"13,640.34"
14-Feb-12,
15-Feb-12,
16-Feb-12,"13,541.85"
17-Feb-12,"13,824.17"
18-Feb-12,"13,817.24"
19-Feb-12,"13,839.11"
20-Feb-12,"13,776.25"
21-Feb-12,
22-Feb-12,"13,919.83"
23-Feb-12,
24-Feb-12,
25-Feb-12,
26-Feb-12,"13,717.47"
27-Feb-12,
28-Feb-12,"13,729.24"
29-Feb-12,
1-Mar-12,
2-Mar-12,
3-Mar-12,
4-Mar-12,
5-Mar-12,"13,608.79"
6-Mar-12,"13,652.25"
7-Mar-12,"13,873.39"
8-Mar-12,"14,165.09"
9-Mar-12,"13,896.51"
10-Mar-12,"13,799.10"
11-Mar-12,"14,073.01"
12-Mar-12,"14,398.36"
13-Mar-12,"14,384.25"
14-Mar-12,
15-Mar-12,"13,846.19"
16-Mar-12,
17-Mar-12,"14,234.44"
18-Mar-12,"14,744.01"
19-Mar-12,"14,530.67"
20-Mar-12,"14,797.27"
21-Mar-12,"14,888.12"
22-Mar-12,"14,964.67"
23-Mar-12,"14,740.77"
24-Mar-12,
25-Mar-12,
26-Mar-12,
27-Mar-12,"13,944.25"
28-Mar-12,
29-Mar-12,
30-Mar-12,"14,148.27"
31-Mar-12,"13,984.21"
1-Apr-12,"13,743"
2-Apr-12,"13,978.84"
3-Apr-12,"14,390.54"
4-Apr-12,"14,293.34"
5-Apr-12,"14,122.74"
6-Apr-12,"14,328.96"
7-Apr-12,"14,026.47"
8-Apr-12,
9-Apr-12,
10-Apr-12,
11-Apr-12,"14,040.95"
12-Apr-12,"14,034.43"
13-Apr-12,"14,568.30"
14-Apr-12,"14,439.10"
15-Apr-12,"14,901.05"
16-Apr-12,"14,982.79"
17-Apr-12,"15,197.57"
18-Apr-12,
19-Apr-12,"14,700.04"
20-Apr-12,"14,787.07"
21-Apr-12,"14,836.04"
22-Apr-12,
23-Apr-12,
24-Apr-12,
25-Apr-12,"14,336.18"
26-Apr-12,"14,652.00"
27-Apr-12,"14,172.01"
28-Apr-12,"14,388.96"
29-Apr-12,"14,368.34"
30-Apr-12,"14,098.59"
1-May-12,
2-May-12,
3-May-12,
4-May-12,
5-May-12,"14,582.34"
6-May-12,"14,496.96"
7-May-12,"14,777.64"
8-May-12,
9-May-12,
10-May-12,
11-May-12,"14,287"
12-May-12,"14,917.60"
13-May-12,
14-May-12,
15-May-12,
16-May-12,
17-May-12,"14,690.92"
18-May-12,"14,730.61"
19-May-12,"15,022.25"
20-May-12,"14,986.22"
21-May-12,"14,826.00"
22-May-12,
23-May-12,"14,645.72"
24-May-12,
25-May-12,
26-May-12,"15,059.83"
27-May-12,"14,755.63"
28-May-12,"14,886.64"
29-May-12,
30-May-12,
31-May-12,"14,698.46"
1-Jun-12,"14,563.59"
2-Jun-12,
3-Jun-12,
4-Jun-12,
5-Jun-12,
6-Jun-12,"14,635.98"
7-Jun-12,
8-Jun-12,"14,477.07"
9-Jun-12,"14,840.93"
10-Jun-12,"14,937.86"
11-Jun-12,"14,712.00"
12-Jun-12,"14,344.76"
13-Jun-12,
14-Jun-12,"14,848.11"
15-Jun-12,"14,845.53"
16-Jun-12,"14,649.02"
17-Jun-12,"14,506.65"
18-Jun-12,"14,634.23"
19-Jun-12,
20-Jun-12,"15,265.45"
21-Jun-12,"14,963.41"
22-Jun-12,"15,144.09"
23-Jun-12,"14,687.95"
24-Jun-12,"14,991.86"
25-Jun-12,
26-Jun-12,
27-Jun-12,
28-Jun-12,"14,696.98"
29-Jun-12,"15,076.10"
30-Jun-12,
1-Jul-12,"15,045.29"
2-Jul-12,"14,784.74"
3-Jul-12,"14,878.49"
4-Jul-12,"14,980.06"
5-Jul-12,"14,638.96"
6-Jul-12,"14,780.45"
7-Jul-12,
8-Jul-12,"15,029.74"
9-Jul-12,"14,966.00"
10-Jul-12,"14,917.27"
11-Jul-12,"15,007.16"
12-Jul-12,"15,017.26"
13-Jul-12,"15,237.63"
14-Jul-12,
15-Jul-12,"14,883.45"
16-Jul-12,"14,899.97"
17-Jul-12,"15,000.99"
18-Jul-12,"14,923.59"
19-Jul-12,"14,741.67"
20-Jul-12,"15,003.86"
21-Jul-12,"14,908.66"
22-Jul-12,"15,075.38"
23-Jul-12,"14,739.92"
24-Jul-12,"14,463.16"
25-Jul-12,"14,938.30"
26-Jul-12,
27-Jul-12,
28-Jul-12,
29-Jul-12,
30-Jul-12,"14,851.75"
31-Jul-12,"14,672.88"
1-Aug-12,"14,833.23"
2-Aug-12,"14,929.12"
3-Aug-12,"15,077.24"
4-Aug-12,"15,051.64"
5-Aug-12,"14,943.08"
6-Aug-12,"14,758.18"
7-Aug-12,"14,975.78"
8-Aug-12,"14,812.28"
9-Aug-12,"15,129.51"
10-Aug-12,
11-Aug-12,
12-Aug-12,
13-Aug-12,"14,892.45"
14-Aug-12,"14,915"
15-Aug-12,"14,620.99"
16-Aug-12,
17-Aug-12,"14,853.86"
18-Aug-12,"14,854.00"
19-Aug-12,
20-Aug-12,
21-Aug-12,"14,837.81"
22-Aug-12,"14,818.35"
23-Aug-12,"15,032.86"
24-Aug-12,"14,879.60"
25-Aug-12,"14,629.05"
26-Aug-12,"14,956.63"
27-Aug-12,"15,001.73"
28-Aug-12,"14,739.56"
29-Aug-12,"14,790.45"
30-Aug-12,"14,837.67"
31-Aug-12,
1-Sep-12,"14,840.40"
2-Sep-12,
3-Sep-12,"14,790.69"
4-Sep-12,
5-Sep-12,
6-Sep-12,
7-Sep-12,"14,990.08"
8-Sep-12,"14,800.78"
9-Sep-12,
10-Sep-12,"14,491.24"
11-Sep-12,"14,514.70"
12-Sep-12,"14,814.63"
13-Sep-12,"14,985.50"
14-Sep-12,"14,933.88"
15-Sep-12,"14,704.72"
16-Sep-12,"14,553.70"
17-Sep-12,"14,733.27"
18-Sep-12,
19-Sep-12,"14,666.95"
20-Sep-12,"14,589.41"
21-Sep-12,
22-Sep-12,"14,535.36"
23-Sep-12,"14,634.21"
24-Sep-12,"14,502.16"
25-Sep-12,"14,644.31"
26-Sep-12,
27-Sep-12,"14,575.07"
28-Sep-12,
29-Sep-12,
30-Sep-12,
1-Oct-12,"14,429.75"
2-Oct-12,
3-Oct-12,
4-Oct-12,
5-Oct-12,"14,745.54"
6-Oct-12,
7-Oct-12,
8-Oct-12,"14,226.38"
9-Oct-12,
10-Oct-12,
11-Oct-12,"14,179.81"
12-Oct-12,"14,196.66"
13-Oct-12,"14,246.62"
14-Oct-12,
15-Oct-12,
16-Oct-12,
17-Oct-12,"14,373.05"
18-Oct-12,"14,474.82"
19-Oct-12,
20-Oct-12,
21-Oct-12,"14,277.74"
22-Oct-12,"14,443.76"
23-Oct-12,
24-Oct-12,"14,459.60"
25-Oct-12,"14,347.47"
26-Oct-12,"14,469.94"
27-Oct-12,"14,408.15"
28-Oct-12,
29-Oct-12,
30-Oct-12,
31-Oct-12,
1-Nov-12,"14,060.39"
2-Nov-12,
3-Nov-12,
4-Nov-12,"13,901.60"
5-Nov-12,
6-Nov-12,"13,927.83"
7-Nov-12,
8-Nov-12,"13,382"
9-Nov-12,"14,140.95"
10-Nov-12,"14,054.65"
11-Nov-12,"14,170.62"
12-Nov-12,"14,270.66"
13-Nov-12,
14-Nov-12,"14,027.92"
15-Nov-12,"13,785.51"
16-Nov-12,"13,742.87"
17-Nov-12,"14,026.99"
18-Nov-12,"13,972.89"
19-Nov-12,"13,993.60"
20-Nov-12,"14,039.12"
21-Nov-12,"13,923.85"
22-Nov-12,"14,148.72"
23-Nov-12,"14,115"
24-Nov-12,"14,021.58"
25-Nov-12,
26-Nov-12,"13,716.70"
27-Nov-12,
28-Nov-12,
29-Nov-12,"13,821.61"
30-Nov-12,"13,561.03"
1-Dec-12,
2-Dec-12,
3-Dec-12,"13,913.58"
4-Dec-12,
5-Dec-12,"13,992.90"
6-Dec-12,"13,798.63"
7-Dec-12,"13,545.22"
8-Dec-12,"13,341.86"
9-Dec-12,
10-Dec-12,
11-Dec-12,"13,909.95"
12-Dec-12,"13,731.59"
13-Dec-12,"13,755.92"
14-Dec-12,"13,907.22"
15-Dec-12,"13,703.58"
16-Dec-12,
17-Dec-12,
18-Dec-12,
19-Dec-12,"13,536.51"
20-Dec-12,"13,727.87"
21-Dec-12,
22-Dec-12,
23-Dec-12,"13,724.87"
24-Dec-12,"13,702.50"
25-Dec-12,
26-Dec-12,"13,577.83"
27-Dec-12,"13,191.87"
28-Dec-12,"13,667.40"
29-Dec-12,
30-Dec-12,
31-Dec-12,"13,572.84"
1-Jan-13,"13,633.00"
2-Jan-13,"13,328.21"
3-Jan-13,"13,390.88"
4-Jan-13,
5-Jan-13,"13,668.19"
6-Jan-13,"13,632.97"
7-Jan-13,"13,584.31"
8-Jan-13,
9-Jan-13,
10-Jan-13,"13,846.42"
11-Jan-13,
12-Jan-13,
13-Jan-13,
14-Jan-13,"13,902.28"
15-Jan-13,
16-Jan-13,
17-Jan-13,
18-Jan-13,"13,286.48"
19-Jan-13,
20-Jan-13,
21-Jan-13,"13,448.99"
22-Jan-13,"13,361.99"
23-Jan-13,"13,057.19"
24-Jan-13,
25-Jan-13,
26-Jan-13,"13,370.78"
27-Jan-13,"13,450.19"
28-Jan-13,"13,005.94"
29-Jan-13,
30-Jan-13,
31-Jan-13,"13,864.61"
1-Feb-13,"13,495.32"
2-Feb-13,
3-Feb-13,"13,364.96"
4-Feb-13,"13,454.21"
5-Feb-13,"13,481.24"
6-Feb-13,"13,687.36"
7-Feb-13,"13,425.98"
8-Feb-13,
9-Feb-13,
10-Feb-13,"13,489.99"
11-Feb-13,
12-Feb-13,"13,724.71"
13-Feb-13,"13,770.38"
14-Feb-13,"13,773.39"
15-Feb-13,"13,823.07"
16-Feb-13,
17-Feb-13,
18-Feb-13,"13,579.29"
19-Feb-13,
20-Feb-13,
21-Feb-13,
22-Feb-13,"13,578.19"
23-Feb-13,
24-Feb-13,
25-Feb-13,"13,658.73"
26-Feb-13,
27-Feb-13,
28-Feb-13,
1-Mar-13,
2-Mar-13,
3-Mar-13,"13,341.02"
4-Mar-13,
5-Mar-13,"13,638"
6-Mar-13,
7-Mar-13,
8-Mar-13,
9-Mar-13,"13,916.72"
10-Mar-13,"13,815.98"
11-Mar-13,
12-Mar-13,
13-Mar-13,
14-Mar-13,
15-Mar-13,"13,651.26"
16-Mar-13,"13,487.97"
17-Mar-13,"13,644.58"
18-Mar-13,
19-Mar-13,
20-Mar-13,
21-Mar-13,"13,740.50"
22-Mar-13,
23-Mar-13,"13,639.52"
24-Mar-13,"13,842.17"
25-Mar-13,
26-Mar-13,"13,868.46"
27-Mar-13,
28-Mar-13,"13,828.25"
29-Mar-13,"13,582.51"
30-Mar-13,"14,047.38"
31-Mar-13,
1-Apr-13,"13,923.90"
2-Apr-13,"13,695.33"
3-Apr-13,"13,801.05"
4-Apr-13,"14,201.80"
5-Apr-13,"14,203.48"
6-Apr-13,"14,031.20"
7-Apr-13,
8-Apr-13,"14,397.56"
9-Apr-13,
10-Apr-13,
11-Apr-13,
12-Apr-13,
13-Apr-13,"14,040.77"
14-Apr-13,"13,984.12"
15-Apr-13,"14,206.48"
16-Apr-13,
17-Apr-13,"14,565.30"
18-Apr-13,
19-Apr-13,
20-Apr-13,
21-Apr-13,"14,274.77"
22-Apr-13,"14,256.72"
23-Apr-13,
24-Apr-13,"14,558.94"
25-Apr-13,"14,648.65"
26-Apr-13,"14,467.96"
27-Apr-13,"14,474.14"
28-Apr-13,"14,588.33"
29-Apr-13,"14,782.42"
30-Apr-13,"14,774.53"
1-May-13,"14,907.26"
2-May-13,
3-May-13,"14,635.48"
4-May-13,"14,857.94"
5-May-13,"14,691.25"
6-May-13,"14,931.91"
7-May-13,"14,915.11"
8-May-13,"14,749.85"
9-May-13,
10-May-13,"14,741.50"
11-May-13,
12-May-13,
13-May-13,"14,502.55"
14-May-13,"14,380.34"
15-May-13,"14,259.51"
16-May-13,"14,756.13"
17-May-13,"14,577.12"
18-May-13,"14,599.09"
19-May-13,
20-May-13,"14,457.83"
21-May-13,
22-May-13,
23-May-13,
24-May-13,
25-May-13,
26-May-13,
27-May-13,"14,666.87"
28-May-13,"14,300.46"
29-May-13,
30-May-13,"14,622.46"
31-May-13,"15,197.28"
1-Jun-13,"14,973.29"
2-Jun-13,"15,164.27"
3-Jun-13,"14,826.27"
4-Jun-13,"14,551.54"
5-Jun-13,"14,892.38"
6-Jun-13,"14,598.41"
7-Jun-13,
8-Jun-13,
9-Jun-13,"14,793.87"
10-Jun-13,
11-Jun-13,
12-Jun-13,
13-Jun-13,
14-Jun-13,"14,551.66"
15-Jun-13,"14,735.39"
16-Jun-13,
17-Jun-13,"14,797.10"
18-Jun-13,
19-Jun-13,"14,823.22"
20-Jun-13,"14,701.78"
21-Jun-13,"15,003.20"
22-Jun-13,"14,724.72"
23-Jun-13,"14,889.41"
24-Jun-13,"15,043.84"
25-Jun-13,"15,144.81"
26-Jun-13,
27-Jun-13,
28-Jun-13,
29-Jun-13,
30-Jun-13,
1-Jul-13,
2-Jul-13,
3-Jul-13,"14,873.99"
4-Jul-13,"15,020.17"
5-Jul-13,"15,123.57"
6-Jul-13,
7-Jul-13,
8-Jul-13,
9-Jul-13,
10-Jul-13,
11-Jul-13,
12-Jul-13,"14,970.84"
13-Jul-13,
14-Jul-13,"15,062.07"
15-Jul-13,"15,110.57"
16-Jul-13,"15,171.67"
17-Jul-13,"15,102.69"
18-Jul-13,"15,104.86"
19-Jul-13,"15,022.97"
20-Jul-13,"15,073.67"
21-Jul-13,"14,910.45"
22-Jul-13,
23-Jul-13,
24-Jul-13,"14,868.05"
25-Jul-13,
26-Jul-13,
27-Jul-13,"14,979.38"
28-Jul-13,
29-Jul-13,"14,736.35"
30-Jul-13,"14,931.07"
31-Jul-13,"14,688.87"
1-Aug-13,"14,866.63"
2-Aug-13,"14,765.28"
3-Aug-13,"14,815.61"
4-Aug-13,"14,679.13"
5-Aug-13,"14,729.04"
6-Aug-13,"14,692.82"
7-Aug-13,"14,647.59"
8-Aug-13,"14,788.50"
9-Aug-13,
10-Aug-13,"15,000.84"
11-Aug-13,"14,779.68"
12-Aug-13,"14,897.35"
13-Aug-13,
14-Aug-13,"14,751.48"
15-Aug-13,"14,778.74"
16-Aug-13,"14,852.21"
17-Aug-13,"14,842.83"
18-Aug-13,
19-Aug-13,"14,702.16"
20-Aug-13,"14,958.90"
21-Aug-13,"15,108.85"
22-Aug-13,"15,102.97"
23-Aug-13,"14,859.70"
24-Aug-13,"14,952.19"
25-Aug-13,"14,823.98"
26-Aug-13,"14,808.62"
27-Aug-13,"14,947.82"
28-Aug-13,"14,957.13"
29-Aug-13,
30-Aug-13,"14,874.81"
31-Aug-13,
1-Sep-13,
2-Sep-13,
3-Sep-13,
4-Sep-13,"14,923.06"
5-Sep-13,"14,516.28"
6-Sep-13,"14,655.50"
7-Sep-13,
8-Sep-13,"14,536.45"
9-Sep-13,
10-Sep-13,
11-Sep-13,"15,137.71"
12-Sep-13,
13-Sep-13,"14,589.18"
14-Sep-13,
15-Sep-13,"14,542.85"
16-Sep-13,
17-Sep-13,"14,496.79"
18-Sep-13,"14,755.73"
19-Sep-13,"14,759.04"
20-Sep-13,"14,724.37"
21-Sep-13,"14,521.24"
22-Sep-13,"14,623.97"
23-Sep-13,"14,353.71"
24-Sep-13,
25-Sep-13,"14,371.39"
26-Sep-13,"14,508.37"
27-Sep-13,"14,663.25"
28-Sep-13,"14,738.31"
29-Sep-13,"14,659.15"
30-Sep-13,"14,648.64"
1-Oct-13,"14,780.73"
2-Oct-13,"14,816.88"
3-Oct-13,"14,767.45"
4-Oct-13,
5-Oct-13,
6-Oct-13,
7-Oct-13,
8-Oct-13,"14,495.82"
9-Oct-13,"14,327.81"
10-Oct-13,
11-Oct-13,
12-Oct-13,
13-Oct-13,
14-Oct-13,"14,337.75"
15-Oct-13,"14,386.07"
16-Oct-13,
17-Oct-13,"14,728.03"
18-Oct-13,"14,432.29"
19-Oct-13,"14,192.45"
20-Oct-13,"14,449.82"
21-Oct-13,"14,282.70"
22-Oct-13,
23-Oct-13,
24-Oct-13,
25-Oct-13,
26-Oct-13,
27-Oct-13,"14,278.61"
28-Oct-13,"14,161"
29-Oct-13,"13,968.07"
30-Oct-13,"13,847.93"
31-Oct-13,
1-Nov-13,"13,772.43"
2-Nov-13,"14,462.31"
3-Nov-13,"13,886.55"
4-Nov-13,"13,936.85"
5-Nov-13,"14,095.98"
6-Nov-13,"14,238.36"
7-Nov-13,
8-Nov-13,
9-Nov-13,
10-Nov-13,
11-Nov-13,"13,997.88"
12-Nov-13,
13-Nov-13,"13,744.84"
14-Nov-13,"13,950.75"
15-Nov-13,
16-Nov-13,"14,221.46"
17-Nov-13,
18-Nov-13,"14,334.65"
19-Nov-13,"13,823.69"
20-Nov-13,"13,830.31"
21-Nov-13,"13,739.03"
22-Nov-13,
23-Nov-13,"13,884.81"
24-Nov-13,
25-Nov-13,
26-Nov-13,
27-Nov-13,
28-Nov-13,"13,643.95"
29-Nov-13,"13,590.48"
30-Nov-13,"13,606.17"
1-Dec-13,
2-Dec-13,
3-Dec-13,"13,875.74"
4-Dec-13,
5-Dec-13,
6-Dec-13,
7-Dec-13,"13,801.21"
8-Dec-13,
9-Dec-13,
10-Dec-13,
11-Dec-13,"13,517.20"
12-Dec-13,"13,377.89"
13-Dec-13,"13,334.21"
14-Dec-13,
15-Dec-13,
16-Dec-13,"13,391.18"
17-Dec-13,
18-Dec-13,"13,547.55"
19-Dec-13,
20-Dec-13,
21-Dec-13,
22-Dec-13,
23-Dec-13,
24-Dec-13,"13,571.14"
25-Dec-13,"13,307.44"
26-Dec-13,
27-Dec-13,"13,516.71"
28-Dec-13,"13,673.88"
29-Dec-13,
30-Dec-13,"13,554.76"
31-Dec-13,
1-Jan-14,"13,199.53"
2-Jan-14,
3-Jan-14,"13,102.79"
4-Jan-14,"13,238.97"
5-Jan-14,"13,411.47"
6-Jan-14,
7-Jan-14,"13,047.39"
8-Jan-14,"13,334.56"
9-Jan-14,"13,389.72"
10-Jan-14,
11-Jan-14,
12-Jan-14,"13,792.38"
13-Jan-14,
14-Jan-14,
15-Jan-14,"13,854.49"
16-Jan-14,
17-Jan-14,"13,793.73"
18-Jan-14,
19-Jan-14,
20-Jan-14,
21-Jan-14,
22-Jan-14,"12,979.77"
23-Jan-14,"13,139.10"
24-Jan-14,"13,163.76"
25-Jan-14,
26-Jan-14,"13,134.74"
27-Jan-14,
28-Jan-14,"13,196.83"
29-Jan-14,"13,320.58"
30-Jan-14,"13,418.07"
31-Jan-14,"13,601.52"
1-Feb-14,
2-Feb-14,
3-Feb-14,
4-Feb-14,"13,577.28"
5-Feb-14,
6-Feb-14,"13,194.15"
7-Feb-14,
8-Feb-14,"13,420.62"
9-Feb-14,"13,200.26"
10-Feb-14,
11-Feb-14,"13,245.57"
12-Feb-14,"13,403.31"
13-Feb-14,
14-Feb-14,
15-Feb-14,
16-Feb-14,"13,455.37"
17-Feb-14,"13,336.84"
18-Feb-14,
19-Feb-14,
20-Feb-14,"13,838.70"
21-Feb-14,
22-Feb-14,"13,851.87"
23-Feb-14,
24-Feb-14,
25-Feb-14,
26-Feb-14,"13,234"
27-Feb-14,"13,376.56"
28-Feb-14,"13,326.23"
1-Mar-14,"13,282.68"
2-Mar-14,
3-Mar-14,
4-Mar-14,"13,307.95"
5-Mar-14,
6-Mar-14,"13,414.22"
7-Mar-14,
8-Mar-14,"13,832.17"
9-Mar-14,"13,693.20"
10-Mar-14,
11-Mar-14,
12-Mar-14,
13-Mar-14,"12,825.30"
14-Mar-14,
15-Mar-14,"13,806.56"
16-Mar-14,"13,563.88"
17-Mar-14,"13,532.31"
18-Mar-14,"13,724.12"
19-Mar-14,
20-Mar-14,"13,821.85"
21-Mar-14,"13,569"
22-Mar-14,
23-Mar-14,"13,696.99"
24-Mar-14,"13,554.12"
25-Mar-14,
26-Mar-14,
27-Mar-14,"13,604.49"
28-Mar-14,
29-Mar-14,
30-Mar-14,
31-Mar-14,
1-Apr-14,"13,964.16"
2-Apr-14,
3-Apr-14,"13,908.71"
4-Apr-14,
5-Apr-14,"13,836.08"
6-Apr-14,"14,042.23"
7-Apr-14,
8-Apr-14,
9-Apr-14,"14,081.57"
10-Apr-14,"14,147.20"
11-Apr-14,"14,450.69"
12-Apr-14,"14,537.19"
13-Apr-14,
14-Apr-14,
15-Apr-14,
16-Apr-14,"14,066.88"
17-Apr-14,"13,966.88"
18-Apr-14,
19-Apr-14,"14,325.72"
20-Apr-14,"14,440.86"
21-Apr-14,"14,807.90"
22-Apr-14,
23-Apr-14,
24-Apr-14,"14,254.66"
25-Apr-14,"14,621.34"
26-Apr-14,
27-Apr-14,
28-Apr-14,
29-Apr-14,
30-Apr-14,
1-May-14,
2-May-14,"14,289.71"
3-May-14,"13,997.10"
4-May-14,"13,836.81"
5-May-14,"14,291.10"
6-May-14,"13,969.72"
7-May-14,"14,601.84"
8-May-14,"14,735.02"
9-May-14,
10-May-14,"14,464.19"
11-May-14,"14,792.62"
12-May-14,"14,869.23"
13-May-14,"14,536.52"
14-May-14,"14,408.32"
15-May-14,"14,672"
16-May-14,"14,686.14"
17-May-14,"14,599.50"
18-May-14,"14,562.69"
19-May-14,
20-May-14,"14,519.63"
21-May-14,
22-May-14,
23-May-14,
24-May-14,"14,298.07"
25-May-14,"14,746.91"
26-May-14,
27-May-14,
28-May-14,
29-May-14,"14,640.64"
30-May-14,"14,702.17"
31-May-14,"14,483.50"
1-Jun-14,"14,516.63"
2-Jun-14,"14,943.07"
3-Jun-14,"14,924.03"
4-Jun-14,
5-Jun-14,
6-Jun-14,"14,686.30"
7-Jun-14,"14,882.55"
8-Jun-14,"14,722.87"
9-Jun-14,"14,842.02"
10-Jun-14,
11-Jun-14,
12-Jun-14,
13-Jun-14,
14-Jun-14,
15-Jun-14,"14,883.95"
16-Jun-14,"14,608.92"
17-Jun-14,"14,457.41"
18-Jun-14,"14,639.09"
19-Jun-14,"15,001.92"
20-Jun-14,"14,615.92"
21-Jun-14,"14,391"
22-Jun-14,"14,840.00"
23-Jun-14,"14,922.68"
24-Jun-14,
25-Jun-14,
26-Jun-14,"14,676.92"
27-Jun-14,"14,936.78"
28-Jun-14,"14,620.52"
29-Jun-14,
30-Jun-14,"15,156.31"
1-Jul-14,
2-Jul-14,"15,084.11"
3-Jul-14,
4-Jul-14,
5-Jul-14,
6-Jul-14,"14,897.01"
7-Jul-14,"14,956.97"
8-Jul-14,
9-Jul-14,"15,033.63"
10-Jul-14,
11-Jul-14,"14,812.96"
12-Jul-14,"14,883.41"
13-Jul-14,"14,867.54"
14-Jul-14,"15,083.04"
15-Jul-14,"14,952.65"
16-Jul-14,
17-Jul-14,"14,862.94"
18-Jul-14,"14,851.05"
19-Jul-14,
20-Jul-14,
21-Jul-14,"14,986.64"
22-Jul-14,"14,818.27"
23-Jul-14,"15,078.03"
24-Jul-14,"14,804.43"
25-Jul-14,"14,881.37"
26-Jul-14,"14,985.80"
27-Jul-14,
28-Jul-14,
29-Jul-14,"14,658.55"
30-Jul-14,"14,810.61"
31-Jul-14,
1-Aug-14,"14,879.20"
2-Aug-14,
3-Aug-14,
4-Aug-14,"14,957.01"
5-Aug-14,"14,810.26"
6-Aug-14,"14,902.07"
7-Aug-14,
8-Aug-14,"14,876.16"
9-Aug-14,"14,881.33"
10-Aug-14,"14,977.69"
11-Aug-14,"15,065.94"
12-Aug-14,"14,655.61"
13-Aug-14,
14-Aug-14,"14,780.35"
15-Aug-14,"14,671.62"
16-Aug-14,
17-Aug-14,
18-Aug-14,"14,758.25"
19-Aug-14,"14,769.75"
20-Aug-14,"14,847.78"
21-Aug-14,
22-Aug-14,
23-Aug-14,"14,675.60"
24-Aug-14,"14,953.76"
25-Aug-14,"15,105.83"
26-Aug-14,"15,002.99"
27-Aug-14,"15,042.16"
28-Aug-14,"14,697.06"
29-Aug-14,"14,847.33"
30-Aug-14,"14,765.79"
31-Aug-14,"14,781.83"
1-Sep-14,"14,923.43"
2-Sep-14,"14,971.40"
3-Sep-14,"14,911.75"
4-Sep-14,"14,955.61"
5-Sep-14,"14,916.54"
6-Sep-14,"15,206.20"
7-Sep-14,"14,842.59"
8-Sep-14,"14,723.23"
9-Sep-14,
10-Sep-14,"14,658.48"
11-Sep-14,
12-Sep-14,"14,663.32"
13-Sep-14,
14-Sep-14,"14,580.84"
15-Sep-14,"14,559.56"
16-Sep-14,"14,312.13"
17-Sep-14,"14,482.91"
18-Sep-14,"14,526.37"
19-Sep-14,"14,433.02"
20-Sep-14,"14,139.44"
21-Sep-14,
22-Sep-14,"14,580.58"
23-Sep-14,"14,627.46"
24-Sep-14,"14,533.05"
25-Sep-14,
26-Sep-14,"14,849.04"
27-Sep-14,"14,985.42"
28-Sep-14,"15,030.32"
29-Sep-14,
30-Sep-14,
1-Oct-14,
2-Oct-14,"14,384.41"
3-Oct-14,"14,251"
4-Oct-14,
5-Oct-14,"14,513.18"
6-Oct-14,"14,515.82"
7-Oct-14,"14,426.13"
8-Oct-14,"14,564.41"
9-Oct-14,"14,416.49"
10-Oct-14,"14,433.10"
11-Oct-14,
12-Oct-14,"14,436.36"
13-Oct-14,"14,523.02"
14-Oct-14,"14,193.37"
15-Oct-14,
16-Oct-14,
17-Oct-14,"14,496.32"
18-Oct-14,"14,455.00"
19-Oct-14,"14,140.50"
20-Oct-14,"14,193.60"
21-Oct-14,
22-Oct-14,
23-Oct-14,
24-Oct-14,
25-Oct-14,"14,500.49"
26-Oct-14,"14,237.68"
27-Oct-14,"14,307.71"
28-Oct-14,
29-Oct-14,
30-Oct-14,"14,211.20"
31-Oct-14,
1-Nov-14,
2-Nov-14,
3-Nov-14,"14,136.44"
4-Nov-14,
5-Nov-14,
6-Nov-14,
7-Nov-14,
8-Nov-14,"13,815.03"
9-Nov-14,"14,192.71"
10-Nov-14,
11-Nov-14,"14,366.26"
12-Nov-14,
13-Nov-14,"13,878.87"
14-Nov-14,"13,786.38"
15-Nov-14,"13,797.44"
16-Nov-14,"13,699.20"
17-Nov-14,
18-Nov-14,"13,723.65"
19-Nov-14,"13,754.12"
20-Nov-14,"13,778.89"
21-Nov-14,"13,597.20"
22-Nov-14,
23-Nov-14,"14,176.68"
24-Nov-14,
25-Nov-14,
26-Nov-14,
27-Nov-14,"13,704.50"
28-Nov-14,"13,498"
29-Nov-14,"13,683.61"
30-Nov-14,
1-Dec-14,"13,900.54"
2-Dec-14,"13,603.22"
3-Dec-14,
4-Dec-14,"13,541.26"
5-Dec-14,
6-Dec-14,
7-Dec-14,"13,465.04"
8-Dec-14,
9-Dec-14,
10-Dec-14,"12,671.16"
11-Dec-14,
12-Dec-14,"13,720.73"
13-Dec-14,
14-Dec-14,"13,845.34"
15-Dec-14,"13,838.22"
16-Dec-14,
17-Dec-14,
18-Dec-14,
19-Dec-14,"13,753.83"
20-Dec-14,"13,662.70"
21-Dec-14,"13,423.18"
22-Dec-14,
23-Dec-14,
24-Dec-14,
25-Dec-14,"13,945.08"
26-Dec-14,"13,957.67"
27-Dec-14,"13,969.60"
28-Dec-14,
29-Dec-14,"13,661.64"
30-Dec-14,"13,492.76"
31-Dec-14,
1-Jan-15,"13,525.35"
2-Jan-15,"13,563.32"
3-Jan-15,
4-Jan-15,
5-Jan-15,"13,484.01"
6-Jan-15,
7-Jan-15,"13,476"
8-Jan-15,"13,054.30"
9-Jan-15,"13,547.50"
10-Jan-15,"13,315.64"
11-Jan-15,
12-Jan-15,
13-Jan-15,"13,270.41"
14-Jan-15,
15-Jan-15,
16-Jan-15,
17-Jan-15,"13,183.69"
18-Jan-15,
19-Jan-15,"13,786.84"
20-Jan-15,"13,623.77"
21-Jan-15,"13,513.70"
22-Jan-15,"13,596.23"
23-Jan-15,
24-Jan-15,
25-Jan-15,"13,526.01"
26-Jan-15,"13,158.16"
27-Jan-15,
28-Jan-15,"13,455"
29-Jan-15,"13,351.56"
30-Jan-15,
31-Jan-15,"13,158.41"
1-Feb-15,"13,352.60"
2-Feb-15,
3-Feb-15,"13,317"
4-Feb-15,
5-Feb-15,
6-Feb-15,"13,004.64"
7-Feb-15,
8-Feb-15,
9-Feb-15,"12,960.86"
10-Feb-15,"13,380.12"
11-Feb-15,"13,210.30"
12-Feb-15,
13-Feb-15,"13,079.80"
14-Feb-15,
15-Feb-15,
16-Feb-15,"13,154.80"
17-Feb-15,"12,766.78"
18-Feb-15,
19-Feb-15,
20-Feb-15,
21-Feb-15,
22-Feb-15,"13,278"
23-Feb-15,"13,120.14"
24-Feb-15,
25-Feb-15,"13,457.10"
26-Feb-15,
27-Feb-15,"13,331.63"
28-Feb-15,"13,468.95"
1-Mar-15,
2-Mar-15,"13,528.56"
3-Mar-15,
4-Mar-15,"13,724.72"
5-Mar-15,
6-Mar-15,"13,399.24"
7-Mar-15,"13,547.16"
8-Mar-15,"13,585.21"
9-Mar-15,"13,763.61"
10-Mar-15,"13,555"
11-Mar-15,"13,931.43"
12-Mar-15,"13,630.11"
13-Mar-15,"13,689.94"
14-Mar-15,
15-Mar-15,
16-Mar-15,"13,740.05"
17-Mar-15,
18-Mar-15,
19-Mar-15,"13,532.69"
20-Mar-15,
21-Mar-15,
22-Mar-15,"13,408.81"
23-Mar-15,"13,623.22"
24-Mar-15,"13,741.32"
25-Mar-15,"13,705.07"
26-Mar-15,
27-Mar-15,
28-Mar-15,
29-Mar-15,"13,763.91"
30-Mar-15,
31-Mar-15,"13,861.59"
1-Apr-15,"13,719.69"
2-Apr-15,
3-Apr-15,
4-Apr-15,"13,829.26"
5-Apr-15,"13,805.90"
6-Apr-15,
7-Apr-15,
8-Apr-15,
9-Apr-15,
10-Apr-15,
11-Apr-15,"14,049.10"
12-Apr-15,"14,287.30"
13-Apr-15,"14,581.86"
14-Apr-15,"14,529.25"
15-Apr-15,"14,523.62"
16-Apr-15,"14,448.58"
17-Apr-15,"14,450.22"
18-Apr-15,"14,346.67"
19-Apr-15,"14,528.70"
20-Apr-15,
21-Apr-15,
22-Apr-15,"13,744.30"
23-Apr-15,
24-Apr-15,"14,258.37"
25-Apr-15,"14,155.10"
26-Apr-15,
27-Apr-15,
28-Apr-15,"14,511.24"
29-Apr-15,
30-Apr-15,
1-May-15,"14,589.96"
2-May-15,"14,692.07"
3-May-15,"14,608.36"
4-May-15,"14,965.38"
5-May-15,
6-May-15,"14,869.41"
7-May-15,"14,978.09"
8-May-15,"14,581.57"
9-May-15,"14,528.76"
10-May-15,"14,983.68"
11-May-15,
12-May-15,
13-May-15,"14,371.66"
14-May-15,"14,795.43"
15-May-15,
16-May-15,
17-May-15,"14,873.12"
18-May-15,"14,285.96"
19-May-15,"14,480.73"
20-May-15,"14,289.86"
21-May-15,"14,778.09"
22-May-15,"14,460.97"
23-May-15,"14,548.72"
24-May-15,"14,923.67"
25-May-15,"14,136.39"
26-May-15,"14,910.30"
27-May-15,"14,860.11"
28-May-15,"14,963.32"
29-May-15,"14,692.66"
30-May-15,"15,029.41"
31-May-15,
1-Jun-15,
2-Jun-15,
3-Jun-15,"14,319.24"
4-Jun-15,"14,570.46"
5-Jun-15,
6-Jun-15,"14,494.29"
7-Jun-15,
8-Jun-15,
9-Jun-15,
10-Jun-15,"14,739.13"
11-Jun-15,"15,156.91"
12-Jun-15,"15,030.44"
13-Jun-15,"15,061.58"
14-Jun-15,"14,817.20"
15-Jun-15,
16-Jun-15,
17-Jun-15,"14,760.17"
18-Jun-15,"14,815.37"
19-Jun-15,"14,738.56"
20-Jun-15,"14,475.94"
21-Jun-15,
22-Jun-15,"14,860.56"
23-Jun-15,
24-Jun-15,"15,000.10"
25-Jun-15,"14,926.97"
26-Jun-15,"14,786.11"
27-Jun-15,
28-Jun-15,
29-Jun-15,"14,640.72"
30-Jun-15,"14,693.86"
1-Jul-15,
2-Jul-15,"14,865.24"
3-Jul-15,"14,933.33"
4-Jul-15,
5-Jul-15,"14,807.00"
6-Jul-15,"14,932.03"
7-Jul-15,
8-Jul-15,"14,985.18"
9-Jul-15,
10-Jul-15,"14,990.69"
11-Jul-15,"15,048.64"
12-Jul-15,"15,016.03"
13-Jul-15,"14,936.66"
14-Jul-15,
15-Jul-15,"14,831.54"
16-Jul-15,"14,862.46"
17-Jul-15,
18-Jul-15,
19-Jul-15,"14,915.03"
20-Jul-15,"15,045.99"
21-Jul-15,"14,785.39"
22-Jul-15,"14,898.49"
23-Jul-15,"14,609.66"
24-Jul-15,
25-Jul-15,
26-Jul-15,
27-Jul-15,"14,820.90"
28-Jul-15,"15,026.83"
29-Jul-15,"14,513.20"
30-Jul-15,"14,845.66"
31-Jul-15,"14,982.68"
1-Aug-15,"14,967.28"
2-Aug-15,"14,911.23"
3-Aug-15,"15,056.46"
4-Aug-15,"15,033.18"
5-Aug-15,"14,975.78"
6-Aug-15,"14,731.50"
7-Aug-15,
8-Aug-15,"14,838.99"
9-Aug-15,"14,774.69"
10-Aug-15,"14,637.36"
11-Aug-15,
12-Aug-15,"14,853.91"
13-Aug-15,"14,792.46"
14-Aug-15,"15,027.96"
15-Aug-15,"14,917.34"
16-Aug-15,"15,120.19"
17-Aug-15,"14,910.19"
18-Aug-15,"15,090.23"
19-Aug-15,"15,121.71"
20-Aug-15,"14,859.43"
21-Aug-15,
22-Aug-15,"14,698.72"
23-Aug-15,
24-Aug-15,"14,682.15"
25-Aug-15,
26-Aug-15,"14,795.38"
27-Aug-15,"14,753.78"
28-Aug-15,"14,811.33"
29-Aug-15,"14,943.72"
30-Aug-15,"14,449.15"
31-Aug-15,"14,914.34"
1-Sep-15,"15,012.67"
2-Sep-15,"15,055.23"
3-Sep-15,
4-Sep-15,"14,796.80"
5-Sep-15,"14,827.06"
6-Sep-15,"15,168.76"
7-Sep-15,"15,119.99"
8-Sep-15,"14,897.16"
9-Sep-15,"14,755.51"
10-Sep-15,
11-Sep-15,"14,469.53"
12-Sep-15,"14,688.52"
13-Sep-15,
14-Sep-15,"14,615.82"
15-Sep-15,"14,991.87"
16-Sep-15,"14,963.66"
17-Sep-15,"15,085.90"
18-Sep-15,"15,026.63"
19-Sep-15,"14,958.90"
20-Sep-15,"14,715.73"
21-Sep-15,"14,592.21"
22-Sep-15,
23-Sep-15,"14,769.83"
24-Sep-15,"14,794.01"
25-Sep-15,"14,473.70"
26-Sep-15,"14,556.28"
27-Sep-15,"14,733.80"
28-Sep-15,"14,873.22"
29-Sep-15,
30-Sep-15,
1-Oct-15,
2-Oct-15,
3-Oct-15,"14,340.74"
4-Oct-15,"14,109.90"
5-Oct-15,"14,138.48"
6-Oct-15,"14,599.34"
7-Oct-15,"14,556.93"
8-Oct-15,"14,449.80"
9-Oct-15,
10-Oct-15,"14,128.02"
11-Oct-15,"14,405.75"
12-Oct-15,"14,758.53"
13-Oct-15,
14-Oct-15,"14,410.02"
15-Oct-15,"14,426.61"
16-Oct-15,"14,342.19"
17-Oct-15,"14,189.67"
18-Oct-15,"14,033.77"
19-Oct-15,"14,105.54"
20-Oct-15,"14,443.09"
21-Oct-15,"14,377.92"
22-Oct-15,"14,312.48"
23-Oct-15,"14,075.41"
24-Oct-15,"13,787"
25-Oct-15,
26-Oct-15,"14,271.03"
27-Oct-15,
28-Oct-15,
29-Oct-15,"14,399.20"
30-Oct-15,"14,248.56"
31-Oct-15,"13,870.04"
1-Nov-15,
2-Nov-15,"14,441.35"
3-Nov-15,"14,283.09"
4-Nov-15,"14,452.41"
5-Nov-15,"14,279.23"
6-Nov-15,
7-Nov-15,
8-Nov-15,"14,196.53"
9-Nov-15,"14,329.44"
10-Nov-15,
11-Nov-15,
12-Nov-15,
13-Nov-15,"14,241.82"
14-Nov-15,"13,925.62"
15-Nov-15,
16-Nov-15,"14,194.45"
17-Nov-15,"14,008.69"
18-Nov-15,"14,006.25"
19-Nov-15,
20-Nov-15,"14,284.88"
21-Nov-15,"13,829.81"
22-Nov-15,
23-Nov-15,"13,887.51"
24-Nov-15,"13,764.29"
25-Nov-15,"13,917.67"
26-Nov-15,
27-Nov-15,
28-Nov-15,
29-Nov-15,"13,854.50"
30-Nov-15,"13,672.48"
1-Dec-15,
2-Dec-15,
3-Dec-15,
4-Dec-15,"13,931.14"
5-Dec-15,"14,061.53"
6-Dec-15,"14,013.43"
7-Dec-15,"14,157.50"
8-Dec-15,
9-Dec-15,
10-Dec-15,
11-Dec-15,
12-Dec-15,"13,987.86"
13-Dec-15,"13,772.80"
14-Dec-15,
15-Dec-15,"14,026.00"
16-Dec-15,"13,914.11"
17-Dec-15,
18-Dec-15,
19-Dec-15,"13,719.58"
20-Dec-15,"13,760.69"
21-Dec-15,
22-Dec-15,
23-Dec-15,
24-Dec-15,
25-Dec-15,"13,990.13"
26-Dec-15,"14,058.00"
27-Dec-15,
28-Dec-15,
29-Dec-15,
30-Dec-15,
31-Dec-15,"13,777.27"
1-Jan-16,"13,462"
2-Jan-16,"13,487.46"
3-Jan-16,
4-Jan-16,"13,399.25"
5-Jan-16,"13,481.76"
6-Jan-16,"13,651.11"
7-Jan-16,"13,502.15"
8-Jan-16,"13,684.68"
9-Jan-16,
10-Jan-16,
11-Jan-16,"13,639.36"
12-Jan-16,
13-Jan-16,"13,415.89"
14-Jan-16,"13,502.31"
15-Jan-16,
16-Jan-16,
17-Jan-16,
18-Jan-16,
19-Jan-16,
20-Jan-16,"13,481.48"
21-Jan-16,"13,516.70"
22-Jan-16,"13,508.69"
23-Jan-16,
24-Jan-16,"13,595.07"
25-Jan-16,"13,690.53"
26-Jan-16,
27-Jan-16,"13,815.07"
28-Jan-16,"13,747.82"
29-Jan-16,
30-Jan-16,
31-Jan-16,
1-Feb-16,
2-Feb-16,"13,963.63"
3-Feb-16,
4-Feb-16,
5-Feb-16,
6-Feb-16,"13,487.87"
7-Feb-16,"13,598.00"
8-Feb-16,
9-Feb-16,
10-Feb-16,
11-Feb-16,
12-Feb-16,
13-Feb-16,"13,431.54"
14-Feb-16,"13,077.41"
15-Feb-16,
16-Feb-16,
17-Feb-16,"13,806.58"
18-Feb-16,"13,629.19"
19-Feb-16,"13,562.86"
20-Feb-16,
21-Feb-16,"13,684.90"
22-Feb-16,"13,799.25"
23-Feb-16,
24-Feb-16,
25-Feb-16,"14,072.58"
26-Feb-16,"13,776.80"
27-Feb-16,"13,757.26"
28-Feb-16,"13,907.52"
29-Feb-16,
1-Mar-16,
2-Mar-16,
3-Mar-16,"13,544.38"
4-Mar-16,
5-Mar-16,"13,602.96"
6-Mar-16,"13,877.13"
7-Mar-16,
8-Mar-16,"14,070.67"
9-Mar-16,"14,262.75"
10-Mar-16,
11-Mar-16,"14,167.07"
12-Mar-16,"14,180.73"
13-Mar-16,"14,149.39"
14-Mar-16,
15-Mar-16,
16-Mar-16,"14,267.61"
17-Mar-16,"14,225.41"
18-Mar-16,"14,096.38"
19-Mar-16,"13,858.55"
20-Mar-16,"13,910.27"
21-Mar-16,
22-Mar-16,"13,963.83"
23-Mar-16,
24-Mar-16,
25-Mar-16,
26-Mar-16,"14,083.15"
27-Mar-16,"13,970.93"
28-Mar-16,
29-Mar-16,
30-Mar-16,"13,930.78"
31-Mar-16,
1-Apr-16,
2-Apr-16,
3-Apr-16,"13,793.90"
4-Apr-16,
5-Apr-16,"13,934.17"
6-Apr-16,"13,756.65"
7-Apr-16,
8-Apr-16,"14,221.69"
9-Apr-16,"14,146.10"
10-Apr-16,"14,229.08"
11-Apr-16,
12-Apr-16,
13-Apr-16,"14,286.77"
14-Apr-16,"14,424.64"
15-Apr-16,"14,459.16"
16-Apr-16,"14,474.75"
17-Apr-16,"14,792.68"
18-Apr-16,"14,427.17"
19-Apr-16,"14,282.94"
20-Apr-16,"14,323.07"
21-Apr-16,"14,734.93"
22-Apr-16,
23-Apr-16,
24-Apr-16,"14,486.20"
25-Apr-16,"14,605.24"
26-Apr-16,
27-Apr-16,"14,212.04"
28-Apr-16,"14,508.32"
29-Apr-16,
30-Apr-16,"14,618.31"
1-May-16,
2-May-16,
3-May-16,
4-May-16,
5-May-16,
6-May-16,"14,545.48"
7-May-16,
8-May-16,
9-May-16,"14,293.91"
10-May-16,"14,873.56"
11-May-16,"14,852.38"
12-May-16,"15,080.84"
13-May-16,
14-May-16,"14,545.16"
15-May-16,
16-May-16,"14,189.79"
17-May-16,"14,694.54"
18-May-16,"14,734.76"
19-May-16,"14,318.35"
20-May-16,"14,742.38"
21-May-16,"14,833.01"
22-May-16,"14,111"
23-May-16,"14,960.96"
24-May-16,
25-May-16,"14,982.09"
26-May-16,"14,453.29"
27-May-16,
28-May-16,"14,545.13"
29-May-16,
30-May-16,"14,813.19"
31-May-16,"15,060.87"
1-Jun-16,"14,510.93"
2-Jun-16,"14,546.02"
3-Jun-16,
4-Jun-16,"14,442.72"
5-Jun-16,
6-Jun-16,"14,895.68"
7-Jun-16,"14,653.07"
8-Jun-16,"14,643.09"
9-Jun-16,"14,451.92"
10-Jun-16,"14,509.18"
11-Jun-16,
12-Jun-16,"14,452.16"
13-Jun-16,"14,652.19"
14-Jun-16,"14,530.24"
15-Jun-16,"14,942.79"
16-Jun-16,"14,904.07"
17-Jun-16,"14,964.22"
18-Jun-16,"14,911.89"
19-Jun-16,"14,731.46"
20-Jun-16,"15,136.91"
21-Jun-16,"15,008.20"
22-Jun-16,
23-Jun-16,"14,750.44"
24-Jun-16,"15,038.39"
25-Jun-16,"14,927.92"
26-Jun-16,"15,095.68"
27-Jun-16,"15,102.47"
28-Jun-16,
29-Jun-16,
1-Jul-16,"14,648.58"
2-Jul-16,"14,660.30"
3-Jul-16,"14,908.24"
4-Jul-16,"14,983.42"
5-Jul-16,"15,060.03"
6-Jul-16,"15,169.46"
7-Jul-16,
8-Jul-16,
9-Jul-16,
10-Jul-16,
11-Jul-16,"14,837.30"
12-Jul-16,"15,129.34"
13-Jul-16,"15,042.59"
14-Jul-16,
15-Jul-16,"15,075"
16-Jul-16,"14,676.26"
17-Jul-16,"14,925.29"
18-Jul-16,
19-Jul-16,"14,804.06"
20-Jul-16,"14,797.96"
21-Jul-16,"15,051.81"
22-Jul-16,"15,248.08"
23-Jul-16,"14,970.12"
24-Jul-16,"15,051.28"
25-Jul-16,"14,938.03"
26-Jul-16,"15,062.00"
27-Jul-16,"15,128.32"
28-Jul-16,
29-Jul-16,"14,996.11"
30-Jul-16,
31-Jul-16,
1-Aug-16,
2-Aug-16,
3-Aug-16,"14,968.67"
4-Aug-16,"15,066.98"
5-Aug-16,"14,913.95"
6-Aug-16,"15,183.98"
7-Aug-16,"15,012.71"
8-Aug-16,"15,007.71"
9-Aug-16,"15,048.72"
10-Aug-16,
11-Aug-16,
12-Aug-16,"15,138.68"
13-Aug-16,
14-Aug-16,"14,799.59"
15-Aug-16,
16-Aug-16,
17-Aug-16,"14,747.45"
18-Aug-16,"15,047.65"
19-Aug-16,"15,024.11"
20-Aug-16,"14,842.09"
21-Aug-16,"14,924.19"
22-Aug-16,"14,753.56"
23-Aug-16,"14,905.29"
24-Aug-16,"15,033.78"
25-Aug-16,
26-Aug-16,"14,849.59"
27-Aug-16,"15,022.04"
28-Aug-16,"14,917.78"
29-Aug-16,"14,899.46"
30-Aug-16,"14,972.12"
31-Aug-16,
1-Sep-16,"14,955.67"
2-Sep-16,"14,715.64"
3-Sep-16,"14,882.89"
4-Sep-16,"14,850.42"
5-Sep-16,"14,590.35"
6-Sep-16,
7-Sep-16,
8-Sep-16,"14,539.71"
9-Sep-16,"15,077.56"
10-Sep-16,"15,059.64"
11-Sep-16,"14,850.53"
12-Sep-16,"14,846.62"
13-Sep-16,"15,012.64"
14-Sep-16,
15-Sep-16,"14,732.62"
16-Sep-16,"14,772.37"
17-Sep-16,"14,719.76"
18-Sep-16,
19-Sep-16,
20-Sep-16,"14,962.22"
21-Sep-16,"14,971.76"
22-Sep-16,"14,987.50"
23-Sep-16,"14,521.25"
24-Sep-16,"14,540.89"
25-Sep-16,"14,483.70"
26-Sep-16,"14,616.19"
27-Sep-16,
28-Sep-16,"14,367.52"
29-Sep-16,"14,509.88"
30-Sep-16,
1-Oct-16,
2-Oct-16,
3-Oct-16,"14,583.15"
4-Oct-16,"14,483.32"
5-Oct-16,"14,651.26"
6-Oct-16,"14,781.96"
7-Oct-16,"14,852.14"
8-Oct-16,
9-Oct-16,
10-Oct-16,"14,354.39"
11-Oct-16,"14,514.06"
12-Oct-16,"14,530.41"
13-Oct-16,
14-Oct-16,"14,365.13"
15-Oct-16,"14,051.60"
16-Oct-16,
17-Oct-16,"14,765.35"
18-Oct-16,
19-Oct-16,"14,800.22"
20-Oct-16,
21-Oct-16,
22-Oct-16,
23-Oct-16,"14,152.05"
24-Oct-16,"14,274.06"
25-Oct-16,"14,033.24"
26-Oct-16,"14,018.80"
27-Oct-16,
28-Oct-16,
29-Oct-16,
30-Oct-16,"14,230.86"
31-Oct-16,"14,146.71"
1-Nov-16,"14,089.52"
2-Nov-16,"14,374.27"
3-Nov-16,
4-Nov-16,"14,210.03"
5-Nov-16,
6-Nov-16,
7-Nov-16,"14,095.50"
8-Nov-16,"14,394.31"
9-Nov-16,
10-Nov-16,
11-Nov-16,"14,046.89"
12-Nov-16,"13,791.51"
13-Nov-16,"14,294.50"
14-Nov-16,"14,358.73"
15-Nov-16,
16-Nov-16,
17-Nov-16,"14,305.69"
18-Nov-16,"14,391.93"
19-Nov-16,"14,307.28"
20-Nov-16,"14,073.64"
21-Nov-16,
22-Nov-16,"13,901.01"
23-Nov-16,"13,929.13"
24-Nov-16,
25-Nov-16,
26-Nov-16,
27-Nov-16,
28-Nov-16,"13,873.19"
29-Nov-16,
30-Nov-16,
1-Dec-16,"14,056.91"
2-Dec-16,"13,761.08"
3-Dec-16,"13,743.88"
4-Dec-16,"13,869.42"
5-Dec-16,
6-Dec-16,"13,787.19"
7-Dec-16,
8-Dec-16,
9-Dec-16,"13,519.98"
10-Dec-16,"13,446.00"
11-Dec-16,
12-Dec-16,
13-Dec-16,"13,563.54"
14-Dec-16,"13,614.35"
15-Dec-16,"13,412.23"
16-Dec-16,"13,063.90"
17-Dec-16,"13,162.89"
18-Dec-16,
19-Dec-16,"13,344.29"
20-Dec-16,
21-Dec-16,"13,784.19"
22-Dec-16,
23-Dec-16,"13,730.78"
24-Dec-16,
25-Dec-16,"13,742.00"
26-Dec-16,"13,397"
27-Dec-16,"13,856.40"
28-Dec-16,
29-Dec-16,
30-Dec-16,"13,568.38"
31-Dec-16,"13,501.06"
1-Jan-17,"13,713.29"
2-Jan-17,"13,580.69"
3-Jan-17,
4-Jan-17,
5-Jan-17,
6-Jan-17,"13,440"
7-Jan-17,
8-Jan-17,"13,270.50"
9-Jan-17,
10-Jan-17,
11-Jan-17,"13,928.33"
12-Jan-17,
13-Jan-17,"13,780.63"
14-Jan-17,
15-Jan-17,"13,598.22"
16-Jan-17,"13,691.05"
17-Jan-17,"13,714"
18-Jan-17,
19-Jan-17,"13,660.18"
20-Jan-17,
21-Jan-17,
22-Jan-17,
23-Jan-17,
24-Jan-17,
25-Jan-17,"13,727.25"
26-Jan-17,"13,824.75"
27-Jan-17,"13,730.77"
28-Jan-17,"13,761.07"
29-Jan-17,"13,684.34"
30-Jan-17,"13,632.81"
31-Jan-17,"13,344.86"
1-Feb-17,"13,553.63"
2-Feb-17,"13,631.62"
3-Feb-17,"13,382.75"
4-Feb-17,"13,451.61"
5-Feb-17,
6-Feb-17,
7-Feb-17,
8-Feb-17,
9-Feb-17,
10-Feb-17,"13,019.50"
11-Feb-17,
12-Feb-17,
13-Feb-17,
14-Feb-17,
15-Feb-17,
16-Feb-17,
17-Feb-17,"13,638.51"
18-Feb-17,"13,659.14"
19-Feb-17,"13,946.51"
20-Feb-17,"13,733.56"
21-Feb-17,"13,760.79"
22-Feb-17,"13,328.28"
23-Feb-17,"13,991.20"
24-Feb-17,
25-Feb-17,
26-Feb-17,"13,783.47"
27-Feb-17,"13,875.47"
28-Feb-17,
1-Mar-17,
2-Mar-17,"13,628.31"
3-Mar-17,"13,632.88"
4-Mar-17,"13,276.31"
5-Mar-17,"13,551.32"
6-Mar-17,"13,698.27"
7-Mar-17,
8-Mar-17,"13,952.88"
9-Mar-17,"13,668.85"
10-Mar-17,
11-Mar-17,"13,402.42"
12-Mar-17,"13,519.10"
13-Mar-17,"13,552.37"
14-Mar-17,
15-Mar-17,
16-Mar-17,"13,548.02"
17-Mar-17,"13,682.27"
18-Mar-17,"13,707.04"
19-Mar-17,"13,764.85"
20-Mar-17,"13,850.92"
21-Mar-17,"13,725.15"
22-Mar-17,"13,525.78"
23-Mar-17,"13,649.02"
24-Mar-17,
25-Mar-17,
26-Mar-17,"13,777.86"
27-Mar-17,
28-Mar-17,
29-Mar-17,
30-Mar-17,"13,864.12"
31-Mar-17,
1-Apr-17,
2-Apr-17,"13,898.33"
3-Apr-17,"13,693.32"
4-Apr-17,
5-Apr-17,
6-Apr-17,
7-Apr-17,"13,939.54"
8-Apr-17,
9-Apr-17,"14,240.76"
10-Apr-17,
11-Apr-17,"14,514.33"
12-Apr-17,
13-Apr-17,"14,128.77"
14-Apr-17,"14,341.94"
15-Apr-17,"14,655.15"
16-Apr-17,"14,720.00"
17-Apr-17,"14,695.98"
18-Apr-17,
19-Apr-17,
20-Apr-17,
21-Apr-17,
22-Apr-17,
23-Apr-17,"14,486.23"
24-Apr-17,"14,633.36"
25-Apr-17,
26-Apr-17,
27-Apr-17,
28-Apr-17,"14,376.32"
29-Apr-17,
30-Apr-17,
1-May-17,
2-May-17,
3-May-17,"14,446.60"
4-May-17,
5-May-17,
6-May-17,
7-May-17,"14,437.45"
8-May-17,
9-May-17,
10-May-17,
11-May-17,
12-May-17,"14,453.07"
13-May-17,
14-May-17,
15-May-17,
16-May-17,"14,766.99"
17-May-17,"14,917.40"
18-May-17,"15,099.55"
19-May-17,"14,547.22"
20-May-17,"14,609.00"
21-May-17,"14,722.05"
22-May-17,
23-May-17,
24-May-17,"14,600.51"
25-May-17,
26-May-17,
27-May-17,"14,513.33"
28-May-17,"14,245.99"
29-May-17,
30-May-17,
31-May-17,"13,974.18"
1-Jun-17,"14,569.57"
2-Jun-17,
3-Jun-17,"14,201"
4-Jun-17,"14,746.74"
5-Jun-17,
6-Jun-17,
7-Jun-17,"14,869.95"
8-Jun-17,
9-Jun-17,
10-Jun-17,"14,636.67"
11-Jun-17,"15,180.13"
12-Jun-17,"15,133.60"
13-Jun-17,
14-Jun-17,"14,949.12"
15-Jun-17,"14,352.98"
16-Jun-17,
17-Jun-17,
18-Jun-17,"14,921.17"
19-Jun-17,
20-Jun-17,
21-Jun-17,"14,850.81"
22-Jun-17,"14,847.71"
23-Jun-17,"14,878.31"
24-Jun-17,
25-Jun-17,"15,028.23"
26-Jun-17,"14,508"
27-Jun-17,
28-Jun-17,"14,616.13"
29-Jun-17,
30-Jun-17,
1-Jul-17,"14,957.06"
2-Jul-17,"15,031.73"
3-Jul-17,"14,778.41"
4-Jul-17,"14,829.58"
5-Jul-17,"14,994.81"
6-Jul-17,"14,889.90"
7-Jul-17,
8-Jul-17,
9-Jul-17,"14,928.47"
10-Jul-17,"14,712.05"
11-Jul-17,
12-Jul-17,"14,886.14"
13-Jul-17,
14-Jul-17,
15-Jul-17,"14,716.53"
16-Jul-17,"14,935.42"
17-Jul-17,"14,928.14"
18-Jul-17,"14,939.00"
19-Jul-17,"14,980.03"
20-Jul-17,"15,098.28"
21-Jul-17,"15,109.66"
22-Jul-17,
23-Jul-17,"14,976.16"
24-Jul-17,
25-Jul-17,"14,672.83"
26-Jul-17,"14,897.95"
27-Jul-17,
28-Jul-17,"14,768.60"
29-Jul-17,
30-Jul-17,"14,869.82"
31-Jul-17,"15,099.17"
1-Aug-17,"15,028.62"
2-Aug-17,
3-Aug-17,"15,079.62"
4-Aug-17,"14,917.30"
5-Aug-17,
6-Aug-17,"14,712.72"
7-Aug-17,"14,881.43"
8-Aug-17,
9-Aug-17,"14,979.80"
10-Aug-17,"15,012.48"
11-Aug-17,
12-Aug-17,"14,753.17"
13-Aug-17,"14,861.25"
14-Aug-17,"14,687.18"
15-Aug-17,
16-Aug-17,"14,777.00"
17-Aug-17,"14,954.11"
18-Aug-17,
19-Aug-17,"14,967.53"
20-Aug-17,"14,798.34"
21-Aug-17,"15,064.59"
22-Aug-17,
23-Aug-17,"14,947.78"
24-Aug-17,"14,779.22"
25-Aug-17,"14,621.86"
26-Aug-17,"14,736.25"
27-Aug-17,"14,722.81"
28-Aug-17,"14,719.71"
29-Aug-17,
30-Aug-17,"14,630.95"
31-Aug-17,"14,644.89"
1-Sep-17,"14,571.82"
2-Sep-17,"14,781.22"
3-Sep-17,
4-Sep-17,"14,604.63"
5-Sep-17,
6-Sep-17,
7-Sep-17,"14,681.85"
8-Sep-17,"14,607.35"
9-Sep-17,"14,631.18"
10-Sep-17,"14,310.35"
11-Sep-17,"14,891.47"
12-Sep-17,"14,883.39"
13-Sep-17,"14,988.33"
14-Sep-17,"14,786.24"
15-Sep-17,"14,781.30"
16-Sep-17,"14,903.76"
17-Sep-17,"14,929.93"
18-Sep-17,
19-Sep-17,
20-Sep-17,
21-Sep-17,"14,594.53"
22-Sep-17,"14,387"
23-Sep-17,"14,643.01"
24-Sep-17,"15,089.61"
25-Sep-17,"15,013.08"
26-Sep-17,"14,915.24"
27-Sep-17,"15,130.41"
28-Sep-17,"14,709.74"
29-Sep-17,"14,596.96"
30-Sep-17,
1-Oct-17,"14,599.01"
2-Oct-17,"14,678.82"
3-Oct-17,"14,463.95"
4-Oct-17,"14,795.02"
5-Oct-17,"14,789.26"
6-Oct-17,
7-Oct-17,
8-Oct-17,"14,683.48"
9-Oct-17,
10-Oct-17,"14,473.72"
11-Oct-17,
12-Oct-17,"14,419.53"
13-Oct-17,"14,475.62"
14-Oct-17,"14,660.81"
15-Oct-17,"14,622.14"
16-Oct-17,"14,313.07"
17-Oct-17,"14,349.52"
18-Oct-17,"14,642.82"
19-Oct-17,"14,738.83"
20-Oct-17,"14,646.67"
21-Oct-17,"14,753.37"
22-Oct-17,"14,395.54"
23-Oct-17,"14,416.31"
24-Oct-17,
25-Oct-17,
26-Oct-17,
27-Oct-17,"14,405.73"
28-Oct-17,"14,291.39"
29-Oct-17,
30-Oct-17,
31-Oct-17,"14,008.07"
1-Nov-17,"13,929.11"
2-Nov-17,
3-Nov-17,
4-Nov-17,"13,890.85"
5-Nov-17,
6-Nov-17,
7-Nov-17,
8-Nov-17,"13,980.08"
9-Nov-17,"14,068.55"
10-Nov-17,"13,680.84"
11-Nov-17,"13,766.89"
12-Nov-17,"13,639"
13-Nov-17,
14-Nov-17,"13,741.56"
15-Nov-17,"13,921.03"
16-Nov-17,
17-Nov-17,"13,788.52"
18-Nov-17,
19-Nov-17,"14,080.42"
20-Nov-17,"13,751.85"
21-Nov-17,"14,115.44"
22-Nov-17,
23-Nov-17,"13,799.35"
24-Nov-17,"13,980.33"
25-Nov-17,"14,079.15"
26-Nov-17,"13,774.02"
27-Nov-17,"13,747.56"
28-Nov-17,
29-Nov-17,"14,163.36"
30-Nov-17,
1-Dec-17,"13,894"
2-Dec-17,
3-Dec-17,"13,828.71"
4-Dec-17,"13,840.17"
5-Dec-17,
6-Dec-17,"13,813.80"
7-Dec-17,"13,809.34"
8-Dec-17,
9-Dec-17,
10-Dec-17,"13,681.21"
11-Dec-17,"13,695.09"
12-Dec-17,
13-Dec-17,"13,463.25"
14-Dec-17,"13,584.70"
15-Dec-17,
16-Dec-17,"13,595.92"
17-Dec-17,"13,425.19"
18-Dec-17,
19-Dec-17,
20-Dec-17,"13,734.78"
21-Dec-17,"13,425.96"
22-Dec-17,
23-Dec-17,
24-Dec-17,
25-Dec-17,
26-Dec-17,"13,257.47"
27-Dec-17,"13,186.33"
28-Dec-17,"13,331.16"
29-Dec-17,
30-Dec-17,
1-Jan-18,"13,146.98"
2-Jan-18,"12,924.11"
3-Jan-18,
4-Jan-18,
5-Jan-18,
6-Jan-18,
7-Jan-18,"13,008.35"
8-Jan-18,
9-Jan-18,"13,679.01"
10-Jan-18,"13,535.58"
11-Jan-18,
12-Jan-18,
13-Jan-18,
14-Jan-18,"13,222.84"
15-Jan-18,
16-Jan-18,
17-Jan-18,"12,641.40"
18-Jan-18,"13,415.80"
19-Jan-18,
20-Jan-18,
21-Jan-18,
22-Jan-18,
23-Jan-18,
24-Jan-18,"13,498.91"
25-Jan-18,"13,349.28"
26-Jan-18,"13,513.25"
27-Jan-18,
28-Jan-18,
29-Jan-18,
30-Jan-18,
31-Jan-18,"13,529.51"
1-Feb-18,
2-Feb-18,"13,279.47"
3-Feb-18,"13,231.10"
4-Feb-18,
5-Feb-18,"13,735.01"
6-Feb-18,"13,546.52"
7-Feb-18,
8-Feb-18,"13,297.87"
9-Feb-18,
10-Feb-18,
11-Feb-18,
12-Feb-18,
13-Feb-18,"13,532.72"
14-Feb-18,"13,728.59"
15-Feb-18,
16-Feb-18,
17-Feb-18,"13,664.43"
18-Feb-18,"13,678.86"
19-Feb-18,"13,846.81"
20-Feb-18,
21-Feb-18,
22-Feb-18,
23-Feb-18,
24-Feb-18,"13,778.66"
25-Feb-18,
26-Feb-18,
27-Feb-18,"13,879.81"
28-Feb-18,"13,955.66"
1-Mar-18,"13,985.36"
2-Mar-18,
3-Mar-18,"13,765.31"
4-Mar-18,"13,845.14"
5-Mar-18,
6-Mar-18,
7-Mar-18,
8-Mar-18,
9-Mar-18,
10-Mar-18,
11-Mar-18,
12-Mar-18,"13,576.33"
13-Mar-18,
14-Mar-18,
15-Mar-18,
16-Mar-18,"13,645.04"
17-Mar-18,"13,460.23"
18-Mar-18,"13,383.10"
19-Mar-18,"13,614.09"
20-Mar-18,"13,792.51"
21-Mar-18,
22-Mar-18,
23-Mar-18,
24-Mar-18,
25-Mar-18,"13,732"
26-Mar-18,"13,814.85"
27-Mar-18,"13,794.07"
28-Mar-18,"13,894.93"
29-Mar-18,
30-Mar-18,
31-Mar-18,"14,160.03"
1-Apr-18,"13,991.00"
2-Apr-18,"13,655.62"
3-Apr-18,
4-Apr-18,
5-Apr-18,"13,895.74"
6-Apr-18,
7-Apr-18,"14,095.39"
8-Apr-18,"13,947.76"
9-Apr-18,"14,058.56"
10-Apr-18,
11-Apr-18,"13,851.75"
12-Apr-18,
13-Apr-18,"14,366.79"
14-Apr-18,
15-Apr-18,
16-Apr-18,
17-Apr-18,
18-Apr-18,"14,207.95"
19-Apr-18,
20-Apr-18,"14,094.28"
21-Apr-18,"14,337.78"
22-Apr-18,"14,515.84"
23-Apr-18,"14,741.23"
24-Apr-18,"14,488.25"
25-Apr-18,
26-Apr-18,"14,156.04"
27-Apr-18,
28-Apr-18,"14,436.21"
29-Apr-18,
30-Apr-18,
1-May-18,"14,321.96"
2-May-18,"15,022.45"
3-May-18,
4-May-18,
5-May-18,"14,753.11"
6-May-18,
7-May-18,"14,566.27"
8-May-18,"14,779.55"
9-May-18,"14,902.65"
10-May-18,"14,702.01"
11-May-18,"14,777.74"
12-May-18,"14,165.11"
13-May-18,"14,831.93"
14-May-18,"14,807.95"
15-May-18,
16-May-18,
17-May-18,
18-May-18,"14,679.55"
19-May-18,
20-May-18,
21-May-18,"14,759.30"
22-May-18,
23-May-18,"14,851.61"
24-May-18,"14,672.34"
25-May-18,
26-May-18,
27-May-18,
28-May-18,
29-May-18,"15,184.19"
30-May-18,"14,733.39"
31-May-18,"14,784.99"
1-Jun-18,
2-Jun-18,"14,985.67"
3-Jun-18,"14,800.80"
4-Jun-18,
5-Jun-18,
6-Jun-18,
7-Jun-18,
8-Jun-18,"14,859.95"
9-Jun-18,"14,458.69"
10-Jun-18,"14,887.56"
11-Jun-18,"14,610.40"
12-Jun-18,"14,706.33"
13-Jun-18,"14,775.48"
14-Jun-18,"14,685.98"
15-Jun-18,"14,718.07"
16-Jun-18,
17-Jun-18,"15,018.10"
18-Jun-18,
19-Jun-18,"14,803.09"
20-Jun-18,
21-Jun-18,"14,912.83"
22-Jun-18,"14,774.01"
23-Jun-18,
24-Jun-18,
25-Jun-18,"14,649.65"
26-Jun-18,"14,974.00"
27-Jun-18,
28-Jun-18,
29-Jun-18,"15,001.18"
30-Jun-18,"15,092.66"
1-Jul-18,"14,479.50"
2-Jul-18,"15,047.32"
3-Jul-18,"14,939.97"
4-Jul-18,"15,266.02"
5-Jul-18,"15,277.18"
6-Jul-18,
7-Jul-18,"15,016.10"
8-Jul-18,"14,965.81"
9-Jul-18,"15,225.37"
10-Jul-18,"15,067.94"
11-Jul-18,"14,906.28"
12-Jul-18,"14,679.14"
13-Jul-18,"14,870.14"
14-Jul-18,
15-Jul-18,"14,724.11"
16-Jul-18,"15,148.40"
17-Jul-18,
18-Jul-18,"14,930.56"
19-Jul-18,"15,013.69"
20-Jul-18,"15,067.72"
21-Jul-18,"14,946.44"
22-Jul-18,
23-Jul-18,
24-Jul-18,"14,752.49"
25-Jul-18,
26-Jul-18,
27-Jul-18,"15,088.53"
28-Jul-18,"14,851.79"
29-Jul-18,
30-Jul-18,
31-Jul-18,"14,964.09"
1-Aug-18,
2-Aug-18,"14,925.71"
3-Aug-18,
4-Aug-18,
5-Aug-18,"15,042.77"
6-Aug-18,"15,241.08"
7-Aug-18,"14,810.93"
8-Aug-18,"14,954.00"
9-Aug-18,"14,741.66"
10-Aug-18,"15,031.73"
11-Aug-18,
12-Aug-18,
13-Aug-18,
14-Aug-18,
15-Aug-18,"15,044.74"
16-Aug-18,"14,933.19"
17-Aug-18,"14,756.23"
18-Aug-18,"14,671.71"
19-Aug-18,"14,827.28"
20-Aug-18,"14,665.62"
21-Aug-18,"14,786.15"
22-Aug-18,
23-Aug-18,"14,793.30"
24-Aug-18,"15,003.93"
25-Aug-18,"14,473.05"
26-Aug-18,"14,940.33"
27-Aug-18,"14,803.28"
28-Aug-18,"14,780.82"
29-Aug-18,"15,103.51"
30-Aug-18,"14,573.90"
31-Aug-18,"14,709.51"
1-Sep-18,"14,700.66"
2-Sep-18,
3-Sep-18,"14,875.92"
4-Sep-18,"14,945.52"
5-Sep-18,"15,040.83"
6-Sep-18,
7-Sep-18,"14,463.35"
8-Sep-18,
9-Sep-18,
10-Sep-18,
11-Sep-18,
12-Sep-18,
13-Sep-18,"14,676.29"
14-Sep-18,"14,930.11"
15-Sep-18,"14,900.28"
16-Sep-18,"15,038.66"
17-Sep-18,"14,781.61"
18-Sep-18,"14,824.18"
19-Sep-18,
20-Sep-18,
21-Sep-18,
22-Sep-18,
23-Sep-18,"14,636.70"
24-Sep-18,"14,348.84"
25-Sep-18,
26-Sep-18,
27-Sep-18,"14,439.14"
28-Sep-18,"14,212.12"
29-Sep-18,"14,512.89"
30-Sep-18,"14,481.31"
1-Oct-18,
2-Oct-18,
3-Oct-18,"14,431.24"
4-Oct-18,
5-Oct-18,"14,428.23"
6-Oct-18,"14,416.60"
7-Oct-18,
8-Oct-18,
9-Oct-18,"14,851.22"
10-Oct-18,"14,924.98"
11-Oct-18,
12-Oct-18,"14,343.51"
13-Oct-18,
14-Oct-18,"14,352.52"
15-Oct-18,
16-Oct-18,"14,346.28"
17-Oct-18,"14,161.33"
18-Oct-18,"13,991.82"
19-Oct-18,"14,274.87"
20-Oct-18,"14,355.03"
21-Oct-18,"13,859.84"
22-Oct-18,"14,118.50"
23-Oct-18,
24-Oct-18,
25-Oct-18,"13,955.36"
26-Oct-18,"13,938.16"
27-Oct-18,
28-Oct-18,
29-Oct-18,
30-Oct-18,
31-Oct-18,
1-Nov-18,
2-Nov-18,
3-Nov-18,
4-Nov-18,
5-Nov-18,
6-Nov-18,
7-Nov-18,"14,267.72"
8-Nov-18,"14,231.64"
9-Nov-18,
10-Nov-18,
11-Nov-18,"13,829.57"
12-Nov-18,"13,983.08"
13-Nov-18,
14-Nov-18,"13,693.12"
15-Nov-18,
16-Nov-18,
17-Nov-18,"13,817.81"
18-Nov-18,
19-Nov-18,
20-Nov-18,
21-Nov-18,
22-Nov-18,"13,223.28"
23-Nov-18,"13,527.65"
24-Nov-18,"13,491.63"
25-Nov-18,
26-Nov-18,
27-Nov-18,
28-Nov-18,"13,510.05"
29-Nov-18,"13,543.80"
30-Nov-18,"13,706.90"
1-Dec-18,"13,825.41"
2-Dec-18,
3-Dec-18,"13,976.65"
4-Dec-18,"13,643.68"
5-Dec-18,"13,622.72"
6-Dec-18,"13,662.99"
7-Dec-18,"13,671.61"
8-Dec-18,"13,408.58"
9-Dec-18,"13,613.47"
10-Dec-18,"13,629.50"
11-Dec-18,"13,539.68"
12-Dec-18,"13,575.44"
13-Dec-18,"13,450.25"
14-Dec-18,
15-Dec-18,
16-Dec-18,
17-Dec-18,
18-Dec-18,"13,522.15"
19-Dec-18,"13,587.51"
20-Dec-18,"13,732.13"
21-Dec-18,
22-Dec-18,"13,940.36"
23-Dec-18,"13,696.84"
24-Dec-18,"13,690.77"
25-Dec-18,"13,648.46"
26-Dec-18,"13,683.66"
27-Dec-18,"13,547.31"
28-Dec-18,
29-Dec-18,"13,816.70"
30-Dec-18,"13,518.58"
31-Dec-18,
2-Jan-19,"13,582.04"
3-Jan-19,"13,597.87"
4-Jan-19,
5-Jan-19,
6-Jan-19,"13,719.54"
7-Jan-19,
8-Jan-19,
9-Jan-19,
10-Jan-19,"13,482.84"
11-Jan-19,"13,473.57"
12-Jan-19,"13,336.27"
13-Jan-19,"13,457.42"
14-Jan-19,"13,378"
15-Jan-19,"13,595.82"
16-Jan-19,"13,597.11"
17-Jan-19,"13,332.99"
18-Jan-19,
19-Jan-19,
20-Jan-19,
21-Jan-19,
22-Jan-19,"13,268.43"
23-Jan-19,
24-Jan-19,
25-Jan-19,"13,573.58"
26-Jan-19,"13,505.94"
27-Jan-19,
28-Jan-19,"13,481.58"
29-Jan-19,
30-Jan-19,"13,511.49"
31-Jan-19,"13,144.43"
1-Feb-19,"13,204.14"
2-Feb-19,
3-Feb-19,
4-Feb-19,"13,923.34"
5-Feb-19,"13,963.23"
6-Feb-19,"13,709.35"
7-Feb-19,
8-Feb-19,"13,894.25"
9-Feb-19,"13,525.33"
10-Feb-19,"13,353.48"
11-Feb-19,"13,515.75"
12-Feb-19,
13-Feb-19,
14-Feb-19,"13,541.17"
15-Feb-19,
16-Feb-19,"13,691.03"
17-Feb-19,"13,543.80"
18-Feb-19,
19-Feb-19,"13,334.97"
20-Feb-19,
21-Feb-19,"13,693.41"
22-Feb-19,"13,783.90"
23-Feb-19,
24-Feb-19,
25-Feb-19,"13,562"
26-Feb-19,"13,274.24"
27-Feb-19,
28-Feb-19,"13,398.15"
1-Mar-19,"13,580.46"
2-Mar-19,
3-Mar-19,"13,636.81"
4-Mar-19,"13,667"
5-Mar-19,"13,505.70"
6-Mar-19,"13,263.88"
7-Mar-19,"13,326"
8-Mar-19,"13,586.15"
9-Mar-19,"13,765.34"
10-Mar-19,
11-Mar-19,"13,879.98"
12-Mar-19,"13,741.47"
13-Mar-19,
14-Mar-19,
15-Mar-19,
16-Mar-19,"13,767.44"
17-Mar-19,"13,681.43"
18-Mar-19,"13,738.31"
19-Mar-19,"13,764.60"
20-Mar-19,"13,825.03"
21-Mar-19,
22-Mar-19,"13,387.25"
23-Mar-19,"13,868.87"
24-Mar-19,"13,799.57"
25-Mar-19,"13,881.80"
26-Mar-19,"13,783.99"
27-Mar-19,"13,883.93"
28-Mar-19,"13,474.56"
29-Mar-19,
30-Mar-19,
31-Mar-19,
1-Apr-19,"13,848.70"
2-Apr-19,"14,022.23"
3-Apr-19,"14,158.40"
4-Apr-19,
5-Apr-19,"13,655.06"
6-Apr-19,"14,238.95"
7-Apr-19,
8-Apr-19,
9-Apr-19,
10-Apr-19,
11-Apr-19,"14,011.19"
12-Apr-19,
13-Apr-19,
14-Apr-19,
15-Apr-19,"14,278.42"
16-Apr-19,"14,099.65"
17-Apr-19,"14,479.85"
18-Apr-19,
19-Apr-19,"14,430"
20-Apr-19,
21-Apr-19,"14,265.11"
22-Apr-19,
23-Apr-19,
24-Apr-19,"14,311.50"
25-Apr-19,"14,296.70"
26-Apr-19,
27-Apr-19,
28-Apr-19,"14,383.37"
29-Apr-19,"13,976.56"
30-Apr-19,"14,207.31"
1-May-19,
2-May-19,
3-May-19,
4-May-19,
5-May-19,
6-May-19,"14,620.77"
7-May-19,
8-May-19,"14,540.38"
9-May-19,"14,624.38"
10-May-19,
11-May-19,
12-May-19,
13-May-19,"14,412.27"
14-May-19,
15-May-19,
16-May-19,
17-May-19,
18-May-19,"14,415.89"
19-May-19,
20-May-19,"14,781.73"
21-May-19,"14,453.63"
22-May-19,"14,519.39"
23-May-19,
24-May-19,
25-May-19,"14,868.55"
26-May-19,"14,777.80"
27-May-19,"14,782.49"
28-May-19,
29-May-19,
30-May-19,
31-May-19,"14,454.23"
1-Jun-19,"14,656.67"
2-Jun-19,
3-Jun-19,"14,689.67"
4-Jun-19,"14,489.55"
5-Jun-19,"14,608.52"
6-Jun-19,"14,785.98"
7-Jun-19,"14,887.32"
8-Jun-19,"14,725.35"
9-Jun-19,"14,904.80"
10-Jun-19,"14,748.50"
11-Jun-19,
12-Jun-19,"14,893.20"
13-Jun-19,
14-Jun-19,"14,554.62"
15-Jun-19,"14,657.90"
16-Jun-19,
17-Jun-19,"14,936.89"
18-Jun-19,
19-Jun-19,"14,860.86"
